sample_id	label	ENSG00000000003	ENSG00000000005	ENSG00000000419
A0C8-01A	BLCA	5.79695375404049	0.5380724609197897	4.230639352037345
A0EZ-01A	BLCA	3.6181341491603662	0	5.209733425858689
A0F0-01A	BLCA	4.059152438881489	0	5.468671685951992
A0F1-01A	BLCA	2.779931776484625	0	3.711926523180289
A0F6-01A	BLCA	4.826122266675995	0.10662133965990848	4.847071266908919
A0S7-01A	BLCA	3.5515228656613194	0.6955474169475516	4.971507719898006
A0YN-11A	BLCA	2.1193115506331193	0.27569488886678994	4.083444417151014
A0YO-01A	BLCA	4.585840300500108	0.03578522254414364	4.453752551371868
A0YR-01A	BLCA	4.202301722617269	0	5.021745058731623
A0YR-11A	BLCA	3.2842194430362377	1.1461953730922658	4.254997299770294
A0YX-01A	BLCA	3.6435056844192233	0	4.281501593075362
A13I-01A	BLCA	3.210901227673082	0.07966376043672135	4.608439472168034
A13J-01A	BLCA	3.6925632929525856	0.307230129467233	4.67884392627157
A13J-11A	BLCA	1.947112596922334	0.27351638187269406	4.28477006353219
A1A3-01A	BLCA	4.373454206559163	0.04439119779419234	4.5191712335280885
A1A6-01A	BLCA	4.9433682374937735	0.03223294863539192	5.602098562872269
A1A7-01A	BLCA	3.111375059992885	0.02991988587954417	3.6146238979836207
A1AB-01A	BLCA	3.3976492775055624	0.08424093463751013	4.452031533238085
A1AC-01A	BLCA	5.302224030884099	0	5.067354459004308
A1AD-01A	BLCA	5.505959999459934	0.1587563392651153	4.586428473376317
A1AE-01A	BLCA	3.986564085107368	0	4.5436426956318545
A1AF-01A	BLCA	4.68857086260549	0.02916936712447925	4.411241155938916
A1AG-01A	BLCA	4.5412134863993145	0.10005994254825672	4.588766440994078
A20J-01A	BLCA	3.624934829046601	0.0480717968394336	5.289923714991952
A20N-01A	BLCA	4.317553307812019	0.0533500706962905	5.102553484784251
A20N-11A	BLCA	1.9292511222453337	0.5837290817043126	4.259682127906144
A20O-01A	BLCA	2.795065059345478	0.13717647675629877	4.51251443210958
A20P-01A	BLCA	5.978994071608744	0.6375910112454836	4.502347839514204
A20Q-01A	BLCA	4.341183070394286	0.11179729668582	4.934510553019914
A20Q-11A	BLCA	1.7859112202129392	0.494038922696965	4.2075447784262705
A20R-01A	BLCA	4.861762168100381	1.5034213798812717	4.651159329431977
A20R-11A	BLCA	2.254383839047999	0.8116442504637339	4.206041815210634
A20T-01A	BLCA	4.316537113705544	0.05941080889780591	4.659581461167988
A20U-01A	BLCA	4.072807122505628	0.1257849352462859	4.823949584705797
A20U-11A	BLCA	4.000929045192714	0.08710084266951917	4.204346848137224
A20V-01A	BLCA	4.320454765881971	0	4.889490101138106
A20W-01A	BLCA	4.49045146927053	0.18744967615664604	4.9133678319179985
A2C5-01A	BLCA	4.78584789320851	0.05716220256566011	4.707532080932699
A2C5-11A	BLCA	4.99115925373414	0.13914960956158395	4.715318072944689
A2EC-01A	BLCA	4.596622189046079	0.02698616590406135	4.541786197139886
A2EJ-01A	BLCA	2.8534721116760915	0	4.8667444565204265
A2EK-01A	BLCA	5.147575493407909	0	4.700790084726747
A2EO-01A	BLCA	4.751465392498041	0	4.9156137143101555
A2ES-01A	BLCA	3.2672031502074037	0.02825062596085647	4.848491766921312
A2HO-01A	BLCA	4.503693620802341	0.09080635754377822	4.013727710433796
A2HQ-01A	BLCA	4.566057367620853	0	5.34600016154672
A2HX-01A	BLCA	4.964662369319698	0.06219102426065016	4.718967370133678
A2I1-01A	BLCA	4.77065738304194	0	4.504621672205152
A2I2-01A	BLCA	3.8626186442507304	0	4.962903506997647
A2I4-01A	BLCA	4.311480380383854	0.18818541396657945	4.9721924588147095
A2I6-01A	BLCA	3.7358386541369457	0.04530742382941472	4.72680359507785
A2LA-11A	BLCA	5.049018936840278	0.08526228773928365	4.3956336931878415
A2LB-01A	BLCA	4.263756619379426	0.02893330957383558	4.623309595823922
A2LB-11A	BLCA	3.4501511183649596	0.16738731774259785	4.238903532246416
A2OE-01A	BLCA	4.032599407789619	0	5.044047599196066
A3B4-01A	BLCA	3.202645816839741	0	4.920611947969103
A3B6-01A	BLCA	3.9423768062884497	0	5.000817895635018
A3B7-01A	BLCA	3.129550202163743	0.03199838620885112	4.957988924230667
A3B8-01A	BLCA	2.8258915442371615	0.33688454196807605	4.4164305400844555
A3BM-01A	BLCA	4.689177222145436	0	5.14981311202535
A3BM-11A	BLCA	4.154262628436135	0.261208169704483	4.5012690159201245
A3I6-01A	BLCA	4.483195360109467	0.07623344262640058	5.256320997803917
A3IB-01A	BLCA	3.792508498739415	0	4.550597810901136
A3IE-01A	BLCA	4.720782470661064	0	4.281569154275331
A3IK-01A	BLCA	4.551817228412314	0	3.953162080034444
A3IL-01A	BLCA	4.994878274800928	0.08555724583256562	4.547667650908965
A3IM-01A	BLCA	3.771271439672994	0	4.935515039350372
A3IN-01A	BLCA	4.301297535372069	0	4.237522805738289
A3IQ-01A	BLCA	3.524691252221828	0.11655119334688378	4.221924019045924
A3IS-01A	BLCA	4.631646789956831	0.05562717304657027	5.194264011361223
A3IT-01A	BLCA	4.180250991235429	0.16255545752826409	4.4823890971519775
A3IU-01A	BLCA	2.456985650500867	0.03088933250738572	4.835565209253636
A3IV-01A	BLCA	6.576043985761707	0.14581111167845429	5.123023761275586
A3JM-01A	BLCA	3.597705878029533	1.1626064422641609	5.300071660399708
A3JV-01A	BLCA	4.638811497807572	0	4.844616605367215
A3JW-01A	BLCA	4.2593048962194535	0	4.890735935919706
A3JX-01A	BLCA	4.2304912569553395	0.05986227562846302	5.232929347188141
A3JZ-01A	BLCA	4.26544844906545	0.0249958359834059	4.951461821988967
A3MF-01A	BLCA	2.5894218534421793	0.01670838748239752	2.138175599857401
A3MH-01A	BLCA	4.4700380821031205	0	4.015119874196487
A090-01A	BRCA	3.1049199303350385	0.3255063845554968	4.9467397753467415
A092-01A	BRCA	3.7792595356264824	0.22049783673209747	5.073504683596601
A093-01A	BRCA	4.230860716219426	1.28555817573112	4.495330450357354
A094-01A	BRCA	4.058613577526982	0	5.2954315781290795
A095-01A	BRCA	3.9553691853569	0.7058415958335518	4.903189691263156
A096-01A	BRCA	3.4050078952780756	0.18032951357372567	4.5092299022121525
A097-01A	BRCA	3.4658876250179973	0.2647873140384786	4.885986681449046
A099-01A	BRCA	3.823989742041303	0.03532019685885896	4.877802439317276
A09A-01A	BRCA	2.719833282737673	0.4296036433159424	4.665013277513141
A09B-01A	BRCA	3.4274546128862355	1.1043173467860652	4.073817277567658
A09D-01A	BRCA	2.904642138421791	2.6906345415547612	4.124313363274209
A09E-01A	BRCA	4.0297945081588535	0.244059653810272	4.892717773321172
A09G-01A	BRCA	3.228989320485074	0.6658159484347801	4.666058509608872
A09I-01A	BRCA	2.388539731596046	0.2306624162489748	5.0978681514625235
A09K-01A	BRCA	3.2697160940642775	0.21896821934264385	4.3768065515054575
A09M-01A	BRCA	1.8977610839668264	0	5.003750258645285
A09N-01A	BRCA	2.606652270408638	0.22812018557261457	4.85370238155059
A09R-01A	BRCA	2.335255427226556	0.21604596325614484	4.686204583977084
A09T-01A	BRCA	2.63036128716619	0	5.006088678466857
A09W-01A	BRCA	3.146442126453816	0.4424189440358425	4.612955043561355
A09X-01A	BRCA	2.9453408675290835	0.5908696761379173	3.892360410434422
A09Z-01A	BRCA	3.2700580231791485	0	4.431926492593772
A0A2-01A	BRCA	3.789350300118699	0.13034438106289847	4.438860681739846
A0A4-01A	BRCA	3.9101670809496	0.09151522261548002	4.483727149347474
A0A6-01A	BRCA	3.8154228746601904	0.6466373734259241	4.713897478088244
A0A7-01A	BRCA	2.704311755844575	0.45834378472138537	4.934592395598404
A0A9-01A	BRCA	2.9636445565678087	0.2007598797046231	4.688548172735299
A0AB-01A	BRCA	5.215433601059089	0.5555245316338003	4.31950099678067
A0AD-01A	BRCA	3.3652793801758456	0.35040031921296566	4.51148489787596
A0AJ-01A	BRCA	4.068070020348236	0.27114577525408606	5.274592159390759
A0AK-01A	BRCA	1.1482747797128203	0.13192136168286242	4.629987109517438
A0AL-01A	BRCA	3.6864105164624856	0.3246159993685137	4.541399570951824
A0AM-01A	BRCA	3.275628311573482	0.02822641612344882	5.658628097018606
A0AR-01A	BRCA	4.4530179772961	0.12987954990036607	3.8870444828994746
A0AS-01A	BRCA	3.643820423754471	0	4.501654036681267
A0AU-01A	BRCA	3.192567038409767	1.2137165190728072	4.914589580964336
A0AU-11A	BRCA	4.141436282965723	2.6667721038576597	4.429310001260458
A0AW-01A	BRCA	4.131992660332559	0.5764206122767584	4.756880383500968
A0AY-01A	BRCA	3.337849269536345	1.0857024218008489	4.272297542102559
A0AY-11A	BRCA	4.19755912834746	3.3452472765341583	4.564024417383858
A0AZ-01A	BRCA	3.4460096030868197	1.2161591021245022	4.296312447093934
A0AZ-11A	BRCA	4.3946571240336825	2.187935620893705	4.616593961915284
A0B0-01A	BRCA	4.340581138127923	1.3390962650246754	4.411669198508864
A0B1-01A	BRCA	4.0868145958675814	0.2314466819652888	4.7452599311681105
A0B2-01A	BRCA	3.7678576787765294	0.8381971307213236	4.3833141016983
A0B5-01A	BRCA	3.7037905255532486	0.3735888068729265	4.56968522979837
A0B5-11A	BRCA	3.605928438719229	3.308865040685237	4.1762857755534775
A0B6-01A	BRCA	3.0147143840585655	0.06898196866334064	4.258221049674133
A0B7-01A	BRCA	3.8563239504027425	1.4110768493483796	4.635433352868049
A0B7-11A	BRCA	4.19586160600906	1.812537413560355	4.704683045966175
A0B8-01A	BRCA	3.607614681802997	0.9581280945678368	4.375205903165722
A0B8-11A	BRCA	3.7315771467448142	3.2169799910313515	4.131488650241485
A0B9-01A	BRCA	4.22563819197913	0.25040514104244505	5.2911474294646235
A0BA-01A	BRCA	4.486379876097667	1.640074915197197	5.063342206580985
A0BA-11A	BRCA	4.236552075553991	2.7396741281014116	4.246284458018884
A0BC-01A	BRCA	2.593099126157389	1.317231658282686	4.230056311571009
A0BC-11A	BRCA	4.072187510590058	4.581925354021034	4.4003110188642385
A0BG-01A	BRCA	3.8134508068000055	0.9687660999358464	4.466711808213329
A0BJ-01A	BRCA	4.181253626919875	1.5796269922625288	4.436824312922549
A0BJ-11A	BRCA	4.425605800821538	2.0908752684101533	4.583659856680462
A0BM-01A	BRCA	4.158462431776088	2.196936501636886	4.096864636580942
A0BM-11A	BRCA	4.2888353148578275	2.095186340447204	4.339880589282428
A0BO-01A	BRCA	4.006149629834596	1.3367201438308085	4.749057318739123
A0BP-01A	BRCA	2.8685040039527094	2.938999463618045	4.814262859623001
A0BR-01A	BRCA	3.5830750369749285	0.9102238646158354	4.515793145950755
A0BT-01A	BRCA	4.146972836340067	0.29083769364478984	4.711115527094584
A0BV-01A	BRCA	2.0951992925506975	0.1210556886533827	4.657983827081632
A0BV-11A	BRCA	4.158435879413774	2.662452591655773	4.492736140298381
A0BW-01A	BRCA	3.955372956240779	0.04377386606669276	4.86233031875135
A0BW-11A	BRCA	3.709101628649184	1.149318913873551	4.452478971587019
A0BZ-01A	BRCA	2.525943193360269	0.2961599600817187	5.535684485997667
A0C0-01A	BRCA	3.9275294954340287	0.16430246352674635	5.21359538751959
A0C3-01A	BRCA	3.035965621279659	1.6429372685000303	4.402562506789748
A0C3-11A	BRCA	3.905551452473823	1.5133876956126582	4.235956751314225
A0CD-01A	BRCA	4.22650032876683	0.7831412224438368	4.507937476298757
A0CE-01A	BRCA	4.605648673938344	1.0225943103511244	4.671899795706874
A0CE-11A	BRCA	4.100574370689288	2.3890851827424537	4.635199334337302
A0CH-11A	BRCA	3.990388191036887	4.157196123887341	4.172380370230715
A0CJ-01A	BRCA	3.3716944057690124	0	5.236181276823313
A0CK-01A	BRCA	4.327629187994494	1.986887566671467	4.344088587770296
A0VN-01A	CESC	3.19480590525484	0.02145494280178563	4.659954878814095
A0VR-01A	CESC	4.053641214384734	0	4.9530289005295804
A0VS-01A	CESC	4.186682648000208	0.02386463449357621	5.192541672654067
A0ZL-01A	CESC	3.776663857600672	0	4.931102900657851
A0ZM-01A	CESC	2.9450883319523307	0	3.7114036574340616
A1BJ-01A	CESC	3.4409096427311847	0.03613540586527667	5.046078614414796
A1BL-01A	CESC	3.3664971070253302	0.03423035383678781	5.120286556296196
A1BM-01A	CESC	3.5814355406382243	0.04476065667268619	4.3480495075175245
A1H5-01A	CESC	4.380147836557483	0.03106113064786314	5.068226710461087
A1M5-01A	CESC	4.239950129459022	0.12999092278687718	4.956513865426801
A1M7-01A	CESC	4.160669900772254	0	4.632464945088001
A1M9-01A	CESC	3.706256614122169	0	5.248488755444941
A1ME-01A	CESC	2.996938089117581	0.13440558501554092	4.840581709158166
A1MF-01A	CESC	2.4563798031108264	0.05782722401848038	3.892683340524317
A1MH-01A	CESC	3.625332487114068	0.05375661449509693	4.68691338685468
A1MI-01A	CESC	3.977086041884984	0.02796862717643678	5.400737036890229
A1MJ-01A	CESC	4.202157866001823	0.02653420005905706	4.7688529495396965
A1MK-01A	CESC	3.692953474946928	0	5.008964957485811
A1ML-01A	CESC	4.139933293690517	0	4.6893894111592065
A1MN-01A	CESC	3.967647004173765	0	5.629786902910638
A1MP-01A	CESC	2.2744187598209575	0.07408384025428559	5.07059133240094
A1MQ-01A	CESC	3.315590085909831	0	4.185180853007325
A1OA-01A	CESC	3.985156315375772	0.06750183285486169	5.489409145468587
A1OB-01A	CESC	2.7460223084706583	0	4.323887179760188
A1OC-01A	CESC	3.7099002141584863	0	5.449193536782095
A1QT-01A	CESC	3.943666929606012	0	5.764302282601257
A20A-01A	CESC	4.697635921442382	0	4.427365901176227
A23K-01A	CESC	4.2195833302186685	0	5.024646758736432
A23L-01A	CESC	4.215730852204869	0.06957237461005802	4.913573765202225
A2GZ-01A	CESC	3.2238791361935957	0	4.95317110024818
A2H0-01A	CESC	3.713154585300121	0	5.017505713295666
A2H1-01A	CESC	3.710803195265988	0	4.99290137649987
A2IP-01A	CESC	3.6970932644013033	0.07015698428523574	4.040217797331685
A2KH-01A	CESC	3.752583504771417	0	4.861604347701193
A2KJ-01A	CESC	2.3364926360924865	0	4.003810459038301
A2KK-01A	CESC	3.8083725023939414	0.02878098465728676	5.320402334076048
A2KM-01A	CESC	3.143638533920906	0.04499500195248522	4.690911379193555
A2LS-01A	CESC	5.038738744698918	0	4.380444766687347
A2LT-01A	CESC	4.084939609623152	0	5.158203505734517
A2LX-01A	CESC	2.7905341769766805	0	4.692748447044288
A2LY-01A	CESC	3.200260229764056	0	4.587500936197492
A2M1-01A	CESC	3.701623294359223	0	5.053062498650062
A2M2-01A	CESC	4.376400785734919	0.03981014642355401	4.7489960031577025
A2PI-01A	CESC	3.2845236748744324	0	3.895605696249955
A2PK-01A	CESC	2.8566752256571277	0.08754850746779216	4.483525977115823
A2PL-01A	CESC	3.8034212271989767	0	4.443072791044215
A2PM-01A	CESC	2.741163491162599	0	5.4833128852014115
A2QG-01A	CESC	4.2207736229630735	0	4.944194861332833
A2R7-01A	CESC	3.9633698805441577	0.26069666718340456	5.303282849672573
A2R8-01A	CESC	4.26463676767516	0.07726429983751583	4.987071181276204
A2R9-01A	CESC	4.695180157663246	0.02956930216685982	5.105016960808074
A2RA-01A	CESC	3.977392876722515	0	5.011629418685318
A2RB-01A	CESC	3.5349547926336204	0	4.334499404791867
A2RC-01A	CESC	3.36202203318046	0	4.62552250454947
A2RE-01A	CESC	3.4523562899966653	0	4.751039136089357
A2RJ-01A	CESC	3.5551880042595743	0.0243298066564385	4.919769819558844
A2RL-01A	CESC	4.1633762924100095	0.18480291425604897	4.964336359143239
A2RM-01A	CESC	4.095455622346101	0.03513998141582663	5.1420839327550345
A2RN-01A	CESC	2.5760656397712416	0	3.1908307924925112
A3EO-11A	CESC	3.7196687885426662	0.6151331793323914	4.743767562492769
A3GJ-01A	CESC	2.628794089453764	0	5.191986548011254
A3GK-01A	CESC	4.056863718722464	0.02778927714583403	5.4595114418855655
A3GM-01A	CESC	4.141412457138635	0.45419765318966504	5.382081737894258
A3GN-01A	CESC	3.6449075467994234	0	4.987167537425447
A3HE-01A	CESC	3.585382534161543	0.05047393514330923	4.745310745465523
A3HF-01A	CESC	3.897882240552612	0.2568259087081505	4.571149095782835
A3HL-01A	CESC	3.669593881866739	0.03016370667055026	4.7839977836173695
A3HQ-01A	CESC	3.854884670094663	0.04762980888733362	4.99672692207965
A3HR-01A	CESC	3.858267413742379	0.1800549557196871	4.974763038456862
A3HT-01A	CESC	4.351104224235938	0	4.669574220419275
A3HU-01A	CESC	3.550457716993988	0	4.684165288253984
A3HY-01A	CESC	3.757228809113776	0	5.151940206820929
A3HZ-01A	CESC	4.123448801819438	0	4.876802552940388
A3L1-01A	CESC	3.5015853588630392	0	4.71820303451096
A3LA-01A	CESC	3.452484475279992	0	5.3036129745926015
A3LB-01A	CESC	4.351585997690726	0.1196011992942862	4.61943973430034
A3LC-01A	CESC	3.90152593126117	0.0544428163045937	4.870434138385803
A3LH-01A	CESC	2.9433594441539856	0	5.551837595378519
A3LI-01A	CESC	3.7682790249453224	0.08923775316968789	3.570365215623648
A3LK-01A	CESC	0.3845474635562128	0.03096610415638959	5.120763983686689
6901-01A	COAD	4.288941694373266	2.532636481825798	4.930410150558299
6903-01A	COAD	5.146077418829388	0.1509106735750588	4.9244600297870464
6917-01A	COAD	3.906265979017856	0	4.736588379415684
6922-01A	COAD	5.205549232535855	0.9613470268742202	5.115285032189443
6923-01A	COAD	5.3423061883828495	1.2150970615947372	5.534150620194649
6924-01A	COAD	5.347665780241581	1.985495265852618	5.636830667728941
6927-01A	COAD	3.8405146395818446	0.1189769270315198	4.797813150423906
6928-01A	COAD	2.8673425809631063	0.2889222335612988	4.522253110356937
6932-01A	COAD	4.519908998258057	0.4757571974969597	5.092322037647845
6964-01A	COAD	4.4027396212617615	1.2370616367140954	4.491338707375561
6965-01A	COAD	5.1497000995774425	1.7109477880502906	5.371040392483699
7000-01A	COAD	4.638927234570051	0.7540092363964456	4.900825908906763
7002-01A	COAD	5.009802660500598	2.5431131101119675	5.2205552379102995
7004-01A	COAD	3.367835412833198	0.08984141572334331	4.424145626009634
A004-01A	COAD	3.0807586027368177	0	3.389585719650692
A008-01A	COAD	4.213869135774803	0.4131230554876723	4.759211427678553
A00A-01A	COAD	4.078438171008042	0.6496795664407434	4.262779180049316
A00C-01A	COAD	4.7955907293341395	1.923432039429299	4.736537902183928
A00D-01A	COAD	4.780325930106524	0.4381915066616905	4.794185773869201
A00E-01A	COAD	3.266312673949361	0	4.5807493889899185
A00F-01A	COAD	4.459364722015272	0.7956189739494026	4.612522012262453
A00H-01A	COAD	4.590796338665382	1.014993655312652	5.0543512735519744
A00J-01A	COAD	3.6236386002009895	0.2269141880085463	4.2986121947842255
A00K-01A	COAD	4.766643184861693	1.08918089029964	4.450209217492074
A00L-01A	COAD	4.891827682458591	0.08385566776802546	4.6679243296551345
A00N-01A	COAD	3.938326921516981	0.4623957098073939	4.229731822903954
A00O-01A	COAD	3.83278119080451	0	5.149141654039272
A00Q-01A	COAD	4.866994479755161	2.5288865276067813	4.804434083815866
A00R-01A	COAD	4.243149992091262	1.232661236813314	4.132682030907029
A00U-01A	COAD	4.482336996438716	0.307841423570771	4.636473025476842
A00W-01A	COAD	4.518409500451299	0.17074601156273408	5.020607945397871
A00Y-01A	COAD	4.523883349400933	0.4797979488149311	4.602139259478034
A010-01A	COAD	4.006796459578633	1.2209155449291766	4.557825596798305
A011-01A	COAD	4.285485284357292	0.4167091189817794	4.07428998619584
A014-01A	COAD	4.384372222981197	0.25208222346442744	4.807984140420069
A017-01A	COAD	5.224049511345418	0.7134997578574381	5.214122937501703
A01C-01A	COAD	4.822022023536561	0.873492193191866	4.942489327878583
A01D-01A	COAD	4.302223579268653	0.16010876880340771	3.6330129609206727
A01F-01A	COAD	4.05304723472271	0.07208156934746003	4.7480084618024385
A01G-01A	COAD	4.501592832241837	0.847519487505263	4.992308333284428
A01J-01A	COAD	4.769529194411223	1.9354659310284283	4.4860646134162625
A01K-01A	COAD	4.026178495356737	0.4055787223433494	4.855380133369578
A01L-01A	COAD	4.476565567147693	2.9384651369899797	4.449579859858285
A01N-01A	COAD	4.918565710997015	1.4082261009435102	4.874295934513583
A01P-01A	COAD	2.700831250712677	0.07506103199646418	4.038326081778946
A01Q-01A	COAD	3.031062235445109	0.5916361579561201	3.982525856900186
A01R-01A	COAD	3.3741820211572464	0.2164698447602804	3.764090176651575
A01S-01A	COAD	4.0926899250080115	0.8740814472053178	4.321798389065027
A01T-01A	COAD	4.788924839528817	2.6590870280358843	4.2922487869537695
A01V-01A	COAD	3.9872842678159586	0.13911336270180355	3.6198939827298617
A01W-01A	COAD	5.114400334067188	1.4138320647457057	5.29479226411932
A01Y-01A	COAD	4.974974421145101	0.4491432824225474	4.910626811111155
A01Z-01A	COAD	4.444130845166325	0	4.181227880875196
A023-01A	COAD	5.09854954103149	1.177120944803123	4.305543523227394
A024-01A	COAD	4.365341769092204	1.8836504131817544	3.659353737877099
A025-01A	COAD	4.544625015230219	0.9553052229856274	3.9609813952674817
A02E-01A	COAD	4.360661216342547	0.9126353322324142	4.738208601543319
A02F-01A	COAD	4.954466512094214	0.15368532942790056	4.913090587601935
A02G-01A	COAD	5.079949008339709	0.16362246802303954	5.127103803420062
A02H-01A	COAD	5.0059703876317565	0.7163500263304695	5.362556195578085
A02J-01A	COAD	5.667972101615726	1.5247561351536432	5.080164656014948
A02K-01A	COAD	4.817618110713679	2.452756976516476	4.663092895119507
A02N-01A	COAD	4.401834197374073	1.0054273110002945	4.427661550255759
A02R-01A	COAD	3.5374905092348317	0	4.01219102506805
A02W-01A	COAD	5.384765192019325	1.073960763931429	5.268904853902538
A02X-01A	COAD	3.5867093565778236	0	4.6134280070702305
A02Y-01A	COAD	4.519797732363722	0.2657644832514088	4.402391325462264
A032-01A	COAD	3.952443099581507	1.4397260272672856	4.868568905322377
A036-01A	COAD	4.858089163273965	1.3282185574573728	4.673616944018909
A03F-01A	COAD	2.7376578809939107	1.2262863100723984	2.768780343278352
A03J-01A	COAD	4.064694061367507	0.14544595563712112	4.49820607876845
A0X9-01A	COAD	4.8494316305050695	0.7586644038818534	5.078000951500264
A0XA-01A	COAD	5.2657966032323325	0.8467834025361106	5.443992810168371
A0XD-01A	COAD	4.318732912286993	0.9181974416037408	4.665555119404372
A1D0-01A	COAD	4.546935513505812	1.5941738396640568	4.9488690194096625
A1D6-01A	COAD	3.4768871999070186	0	4.9178720225021255
A1D8-01A	COAD	4.45557911576258	0.02279957951271288	4.859081818788471
A1D9-01A	COAD	4.390134615549895	0.1988967752938766	4.557248414859994
A1DA-01A	COAD	3.812761351181988	0	5.05522950625582
A1DB-01A	COAD	5.808554025176422	1.9760108407837256	6.009710867432384
A4OG-11A	GI	2.875552141670558	0	3.9252610835122455
A4OI-01A	GI	3.6991891179160503	0.5263275621879969	4.318089129558933
A4OJ-01A	GI	2.8355431514070446	0	4.442638557848636
A4OJ-11A	GI	3.110777075448715	0.12453537080529888	3.811664921398826
A4OO-01A	GI	3.2115716513882555	0.02076814137483918	4.544372514508413
A4OO-11A	GI	2.5390961261078355	0.08775532304971688	3.859685536312868
A4OP-01A	GI	4.117147033067356	0.4177621031902676	4.787260157123498
A4OQ-11A	GI	2.4807508232914963	0.2661156132427231	4.3031431643166
A4OS-01A	GI	3.6752159919956062	0.07390019417196723	5.021229614127366
A4OT-01A	GI	2.7441915582853933	0.05045993451341287	4.584906372117161
A4OU-01A	GI	2.7815275834442224	0.0873474594088985	4.802861529561274
A4OW-01A	GI	3.681046925855167	0.2755687461269167	5.041927482968112
A4OX-01A	GI	3.650350623488479	0.04520550021539395	4.901195661518312
A4QL-01A	GI	2.8730593932839636	0.19708748599814388	4.202517910037716
A4QS-01A	GI	2.570202301701632	0.02277001782456977	4.349028218534423
A4YU-01A	GI	2.761857476188898	0.04904283902361121	4.9692108934532335
A4Z0-01A	GI	1.893974994991713	0.120665846983729	4.0095421123775585
A5NB-01A	GI	2.5250254048754925	0.0180511219183589	4.2949898398345185
A5TJ-01A	GI	3.28960207938333	0.02085354108361792	4.708406540143058
A5TN-01A	GI	3.2055863459064713	0.14113351961627607	4.816218446417193
A5UG-01A	GI	3.1093315015206193	0.08780450454035271	4.135398479255902
A6EV-01A	GI	2.7453206615473067	0	5.387569740081281
A6EX-01A	GI	1.6152294421907356	0	4.4240254811337465
A6EY-01A	GI	2.8798485007502146	0	4.275135680193623
A6F0-01A	GI	3.747074700959278	0.10724702608192718	5.075434899268759
A6F7-01A	GI	1.331497636336582	0	4.951111594634303
A6FA-01A	GI	4.418039284082589	0.02085182824277567	5.0884077836347545
A6FB-01A	GI	2.286020854535965	0	4.322120895207447
A6FH-01A	GI	2.8903716613894477	0.02558182132653124	4.746348818254093
A6FW-01A	GI	3.6986628127436663	0	4.550486128341904
A6KZ-01A	GI	3.7388771444856257	0.08119933042466002	5.158220215404422
A6L4-01A	GI	3.909782268811409	0.02697195781940901	4.5224223738066955
A6RE-01A	GI	3.833300010254038	0.5339133489223074	4.0894358251983105
A6RE-11A	GI	3.867938854951926	0.08261893506329047	3.3931473739648346
A6RF-01A	GI	3.2168974527711955	0.0448267235818369	4.492075377810641
A6RF-11A	GI	4.0072791154538985	0.09744738637959516	4.43686392010531
A6RI-01A	GI	2.6229997182730216	0.02463503506546181	4.654249411020817
A6RJ-01A	GI	3.327764850742798	0	3.656097999152999
A6RL-01A	GI	3.388883523227057	0.08619014349118163	4.734475080679544
A6RN-01A	GI	2.824611042432022	0	4.046704120985626
A6RR-01A	GI	3.1200767340977844	0.10614990954134802	4.598816934029563
A72C-01A	GI	2.930420270133557	0.0669483433110076	4.883931336010936
A747-01A	GI	3.443637975164222	0.2619590249372716	4.287306670256323
A748-01A	GI	3.2508759629282467	1.5660424361651897	3.937892823256808
A7BO-01A	GI	4.0376432689832615	0	5.080729988793267
A7BS-01A	GI	3.2633781315542443	0.3537633562684439	4.212419528898345
A7BT-01A	GI	4.229540786835579	0.04969454639223858	5.387768214799194
A7BW-01A	GI	2.5802019366068953	0.09056928561266434	4.318807497475964
A7DP-01A	GI	2.453870808461827	0.12562915602464156	4.423156460687575
A7EA-01A	GI	0.94080187497926	0.03094406765139135	4.568200355210118
A7EB-01A	GI	3.563822256043454	0.07195006675650832	4.462202539450451
A7NR-01A	GI	3.4512465290024794	0	4.02745276673555
A7NT-01A	GI	3.644526459973798	0	5.2473514439250435
A7NU-01A	GI	2.8926449504152036	0	4.901896915376
A7O7-01A	GI	1.9178306248205963	0.07364413700657346	4.3978766485083005
A7RB-01A	GI	4.541134847260759	0.08941713449143222	4.659527427331713
A7RE-01A	GI	3.506883972256424	0.02391633103171206	4.541063859844594
A7RE-11A	GI	2.776629645298892	0.07902974198547387	4.360986094184838
A7ZI-01A	GI	0.967328540763898	0	4.127774878480587
A7ZR-01A	GI	3.67371741108773	0.0816696132161981	4.139752456302178
A805-01A	GI	2.6786509835215457	0.01989061217312618	4.181662446460304
A88T-01A	GI	3.983223810281739	0.19347155939164515	4.1818986214562885
A88Y-01A	GI	3.471897874610279	0.09664983424792388	4.304850518166455
A891-01A	GI	4.005356614694889	0	5.067882857402793
A893-01A	GI	3.2775925888364017	0.1154136090184238	4.312963162714078
A8CX-01A	GI	2.595900430654131	0	4.257723260712558
A8DT-01A	GI	2.6883095927700427	0.01783117055322166	4.514465217946011
A8DU-01A	GI	3.6973235697891984	0.10261491625767032	4.55642693530112
A8DV-01A	GI	4.02425774336161	0.10525029919869544	5.644349385809719
A8DZ-01A	GI	3.542550226341086	0	4.955203822822619
A8E0-01A	GI	2.64391619774773	0.02119981501357771	4.755610371139064
A8E2-01A	GI	4.646980574479159	0.11271578161331051	5.340668522422781
A8E3-01A	GI	3.113945369809984	0.05512917392789815	4.819081293688482
A8F6-01A	GI	3.302404241878047	0.13973919044695837	4.2304705153982525
A8MW-01A	GI	2.219429004946222	0	5.416877773322513
A8N0-01A	GI	2.351125197216596	0.16650061023642077	4.04274959483675
A8N1-01A	GI	2.790211431019605	0	4.456428749034986
A8N2-01A	GI	1.7909483819387126	0.08295858948801661	3.9974287724576105
A8N4-01A	GI	2.4430816887465565	0.10090261657085065	4.290822446264057
A8N5-01A	GI	2.307134670122622	0.04922264916986731	4.052928140642774
7424-01A	HNSC	3.3420568498340213	0.03266449863096461	4.233894067102721
7425-01A	HNSC	2.578195762569768	0	4.554191159238526
7425-11A	HNSC	2.4992692717031018	0	4.172222576892971
7427-01A	HNSC	2.722633359612825	0	4.452940417920868
7428-01A	HNSC	3.021400132531437	0	4.298052110105841
7429-01A	HNSC	3.481907642309044	0	5.0911000378382605
7430-01A	HNSC	3.667928007672564	0	4.734568042341858
7432-01A	HNSC	3.17355209955141	0	4.483882019801707
7432-11A	HNSC	4.255593631300086	0.05873575674770463	3.856037742576377
7434-01A	HNSC	2.416731771802386	0	4.4990262245778885
7434-11A	HNSC	4.273784112480195	0.4572169807771071	4.283134288131285
7437-11A	HNSC	4.425032875031859	0	4.313852779497346
7438-01A	HNSC	3.0565352071070535	0.7424566682311843	4.447416801877527
7440-11A	HNSC	4.668618807496389	0	4.514997103614507
7446-01A	HNSC	3.1573825769838524	0	5.195400293682421
7568-01A	HNSC	2.9754464892611496	0	5.098368233214531
7588-01A	HNSC	3.2253097236317783	0	4.7784280369947405
7591-01A	HNSC	3.6761578284899064	0	4.780906992766164
7592-01A	HNSC	3.4362379763741124	0	4.583953525251915
7630-01A	HNSC	2.992149970921746	0	4.886397325456545
7631-01A	HNSC	3.3143558464869307	0.04862018115283872	3.3409891618144525
7632-01A	HNSC	3.057815737953424	0	4.447997045652766
7753-01A	HNSC	3.054610907293868	0	4.689085273323385
7774-01A	HNSC	3.174612876599179	0	3.991595601432192
7831-01A	HNSC	3.743289039314614	0.10179218800293371	4.337796307871242
7832-01A	HNSC	2.438949537516799	0	4.58891867521738
7848-01A	HNSC	3.909939054243828	0	4.513616736055588
8314-01A	HNSC	3.609850255248999	0.3147184381271334	4.921733649044302
8489-01A	HNSC	3.2799547422467863	0	4.55955896247321
8501-01A	HNSC	3.0417158992103173	0.05480881525383156	5.301295681022625
8502-01A	HNSC	2.068310710199111	0	4.940959789688865
8569-01A	HNSC	2.530474499037965	0.11547579477866526	5.177145391812923
8596-01A	HNSC	3.318807906118573	0	4.466220381602297
8601-01A	HNSC	3.4427351674379874	0.05099067877130461	4.461526802872478
8635-01A	HNSC	2.877670362772659	0.41967696739124527	4.521593343792793
8635-11A	HNSC	3.2697720836158215	0.22960471786532732	4.282730590648525
A45O-01A	HNSC	2.3871484577425046	0	3.7487917755908824
A45P-01A	HNSC	2.8218905911171213	0.03016570788445817	4.196955230442626
A45Q-01A	HNSC	1.5186309832014782	0	3.2088112479704525
A45R-01A	HNSC	3.5028862287813776	0	4.516546524323794
A45T-01A	HNSC	3.2152268496503913	0.09102915268909646	4.568767176146994
A45U-01A	HNSC	3.807399624538701	0.12064105765098598	5.3170671991203236
A45V-01A	HNSC	2.7098702373336145	0	4.227387595200532
A45W-01A	HNSC	3.50972288642161	0	4.153776453312234
A45X-01A	HNSC	3.0736292355028496	0.03184541223583889	4.425665632688248
A45Y-01A	HNSC	3.064836941566066	0	4.129857016191817
A45Z-01A	HNSC	3.4391395557263658	0	4.965379218623614
A460-01A	HNSC	2.775314287281775	0	4.723281314628685
A461-01A	HNSC	2.9755390212100874	0	4.555010989162116
A464-01A	HNSC	2.620386674577414	0.07442337829863509	4.797175177468044
A465-01A	HNSC	2.6999280451737664	0	5.044078413977531
A468-01A	HNSC	2.6203307127643787	0.1973369524589576	4.491641935939254
A480-01A	HNSC	2.5682569706658995	0	4.565911926451853
A497-01A	HNSC	3.6744200252293298	0.20764947207618156	4.554663870332769
A498-01A	HNSC	2.6749049868247803	0	4.6100746497600165
A499-01A	HNSC	3.3435602719704725	0	5.089900942105274
A49A-01A	HNSC	3.6937534723462817	0.12078064409367052	4.681838383604659
A49B-01A	HNSC	2.4244371146358192	0	4.881922128028282
A4AQ-01A	HNSC	3.4883976478413987	0.08353265242202948	4.417965448016091
A4C1-01A	HNSC	2.893038903510824	0.07273417941413936	4.5132613571128735
A4C7-01A	HNSC	3.4515264008787754	0	5.174465664363905
A4C9-01A	HNSC	3.858971281786488	0	4.573027014491257
A4CA-01A	HNSC	2.6390123901237943	0.04327260125153585	4.345028444554346
A4CB-01A	HNSC	2.852991059624547	0.04486546944129552	5.036688345842546
A4CH-01A	HNSC	3.2845257895734	0.07305642657691729	4.993070152194322
A4IF-01A	HNSC	2.958861348545691	0	5.22144994240118
A4IG-01A	HNSC	3.764320035226994	0	5.084329240239078
A4IH-01A	HNSC	4.649399622820871	0.03633661450746002	5.162214905032133
A4II-01A	HNSC	3.066932786497732	0.03521834972315602	4.2693931875333195
A4Z9-01A	HNSC	2.464041850912387	0	4.607370015460432
A4ZB-01A	HNSC	2.997680766893885	0	4.3139294563849235
A50G-01A	HNSC	2.340618915887591	0	4.204859864341089
A50J-01A	HNSC	2.8678019308485987	0	5.1782547613822665
A51W-01A	HNSC	2.498061690699637	0	4.565927467602279
A51X-01A	HNSC	2.940596136338963	0	4.968841851887887
A5BI-01A	HNSC	3.3698137731403977	0	4.530963463107541
A5HU-01A	HNSC	3.928385014639959	0.03613649137299143	4.513761671162328
A5HY-01A	HNSC	3.2166633686644786	0	5.206584698852487
A5HZ-01A	HNSC	3.0158043982494753	0	4.408164418901416
A5Q5-01A	HNSC	2.82884023153103	0.06276715169124665	4.460148314961512
4878-01A	KIRC	3.185716463707445	0.5386685959994668	4.431581391918936
4882-01A	KIRC	2.895071683451735	0.2022711395577469	3.7404436583500984
4884-01A	KIRC	2.8157278057154684	1.5272342592167127	4.3217673948557
4885-01A	KIRC	3.767577957897665	0.6201882723476582	4.314806094472379
4887-01A	KIRC	2.8325304676121807	0.1748438917394598	3.5075456350453957
4888-01A	KIRC	2.785202633567516	0.02128056336502277	3.8456541386192584
4890-01A	KIRC	3.0776121683715183	0.19757749093684387	3.8993376407757334
4891-01A	KIRC	2.734401211457183	0.06317548346503604	3.5245747360864783
4892-01A	KIRC	3.555191642712209	0.5722306621469527	4.193877193073242
4893-01A	KIRC	3.3715177835283288	0.6784264322465933	4.120083832808207
4894-01A	KIRC	3.3470584817105196	0.22213322586271853	4.228922309291493
4895-01A	KIRC	3.328217861841217	0.2971358591363495	4.16172838622394
4897-01A	KIRC	3.810929745572041	0.525790343954573	4.0700203243303115
4899-01A	KIRC	3.444840467144691	0.4933118322268069	4.361952729662208
4900-01A	KIRC	2.3750717853823	0.09398369811213315	3.761112030330578
4901-01A	KIRC	3.5045450087068795	0.02389077149874088	3.965815884848086
4902-01A	KIRC	3.8912406587421087	3.105855187600844	4.056064126069791
4903-01A	KIRC	3.6772627649881864	0.10761615864600592	4.031553599480916
4904-01A	KIRC	3.5587613781423415	0.6270697616848044	4.185801591699828
4905-01A	KIRC	3.6245386520163945	0.7150562443825778	4.068699681581467
4908-01A	KIRC	3.490964936257442	1.1975831219654327	4.153932226971996
4916-01A	KIRC	2.8376693384512786	0.2891322455916857	3.7503176216770786
4918-01A	KIRC	3.21671212229581	0.4883187104027131	3.9393812221944247
4959-01A	KIRC	2.618475403008061	0.11949476020728993	3.7957539974862113
4960-01A	KIRC	3.2477257051044064	1.0166325993380103	3.4168069432972072
4961-01A	KIRC	3.5626767888420465	0.8648196277360134	4.187130417680746
4962-01A	KIRC	2.6028972120576683	0.28138212849605615	3.8621976149592574
4963-01A	KIRC	3.3831246402229365	0.11018802384949924	3.7868770635490216
4964-01A	KIRC	3.59550946876642	0.2543034486710163	3.892693661187593
4967-01A	KIRC	3.911636072413049	0.10821472971614716	4.195685593174748
4968-01A	KIRC	3.4796801330865033	0.8143940876388975	4.080629310920736
4969-01A	KIRC	2.327915246283886	0.15916347355972232	3.882034417622733
4970-01A	KIRC	3.3546872422574947	0.06972514165871777	4.065826019843264
4971-01A	KIRC	2.0093384458814585	0.05551716842522292	3.443024394518467
4972-01A	KIRC	3.4120833370555506	0.4955065908696813	3.908846630543916
4974-01A	KIRC	3.247401539955272	0.8409154956136153	4.240778413754714
4975-01A	KIRC	3.650219693061599	0.2712730908781948	3.821487062852087
4976-01A	KIRC	4.228965772466513	1.9109409888125657	3.997074694183085
4977-01A	KIRC	3.758522934818723	2.055610645269629	3.780494387412407
4982-01A	KIRC	3.4725330140834823	0.3513667953266574	4.113552741050044
4983-01A	KIRC	3.3147334136255804	0.23745262283581037	4.416287278712485
4985-01A	KIRC	4.17754281472307	0.08613523629546979	3.765279551547365
4986-01A	KIRC	3.796576394985355	0.6460584028357167	4.19175142601244
4987-01A	KIRC	3.028311496891122	0.1870361346118351	3.9763269512751545
4991-01A	KIRC	3.570148751444228	0.2961228703085519	4.15745624733129
4992-01A	KIRC	2.0910032669933547	0.1446485871810634	3.0836316225479994
4993-01A	KIRC	3.4372805841673237	0.12459843944351036	4.013466697884198
4994-01A	KIRC	3.399629592982454	1.5612216486554071	4.175386902650382
4995-01A	KIRC	3.543988766475081	1.9098111487846892	4.108125863771292
5000-01A	KIRC	2.83149044104743	0.41678692428490294	3.375987667994506
5001-01A	KIRC	2.8922099256099973	0.5420049565298939	3.1880821467649323
5004-01A	KIRC	3.468771733613544	0.2368704292228758	4.101132614382566
5006-01A	KIRC	3.431888347642924	0.09073767311573852	3.99581562121124
5007-01A	KIRC	3.477968890862229	0.3797948299607192	4.0463108545679205
5008-01A	KIRC	3.6776123378352774	0.8761747121132425	4.067856219675487
5009-01A	KIRC	3.216892533878792	0.10119504850532449	3.721302290491012
5010-01A	KIRC	3.023608349515366	1.3058628545605215	3.3281017608129915
5075-01A	KIRC	2.8393001503812227	0.18645773840698524	3.9238891596910346
5077-01A	KIRC	3.2522525277933916	0.33876246256666664	3.922847990233598
5080-01A	KIRC	3.869288230697736	0.24497053873905247	4.32740178797908
5081-01A	KIRC	2.8015846907824784	0.8997134204040258	3.5220750606062587
5083-01A	KIRC	3.3511780060679413	0	4.0677669249453166
5085-01A	KIRC	2.4621284148383795	0.4362757773446322	2.9442046035434815
5088-01A	KIRC	2.671689116892458	0.14276444766038895	3.601311450045671
5094-01A	KIRC	3.9864867184985817	0.0628661415605443	4.432358043563429
5095-01A	KIRC	3.594255106795631	1.4821157943680363	4.515361726164116
5096-01A	KIRC	3.406008214819053	0.036521911191177	4.162955188524227
5098-01A	KIRC	4.329620035500924	0.02740148044726975	4.44880072510117
5102-01A	KIRC	3.8124593366245088	0.16552905133506005	3.95864315999751
5104-01A	KIRC	3.185838026121131	0.45400759682993264	4.047240641449022
5106-01A	KIRC	3.245146135784454	0.25602395228318464	4.228807898817154
5107-01A	KIRC	3.5249550523237834	0	3.931438249061455
5109-01A	KIRC	3.094156608294675	0.17135735298665014	4.374127138076177
5113-01A	KIRC	3.651170663843664	0.4491252903258741	4.4606467085814145
5115-01A	KIRC	3.421273362490702	0.6736497584520604	4.312742909817155
5116-01A	KIRC	4.346357764139462	0.1117820300652428	4.141860806885083
5117-01A	KIRC	2.4534383186268824	0.258996304673991	3.6812866586891864
5119-01A	KIRC	3.681535561757465	2.283701699811612	4.165481277320166
5120-01A	KIRC	3.601744236540171	0.29911940203446313	4.1757549225587205
5121-01A	KIRC	2.8224774132147057	0.42502371853082554	3.31927969709798
A4NH-01A	LIHC	3.8420110522503568	0.06902923056060595	4.595107102172205
A4NI-01A	LIHC	3.795116464490102	0.1041539383724306	3.767847050753496
A4NJ-01A	LIHC	4.222773250689127	0.05435132865102115	4.407466068267062
A4NK-01A	LIHC	4.119854090410981	0.07105712899068697	3.823063021956144
A4NL-01A	LIHC	3.8308354185301057	0.10189433616910754	3.5622981788191233
A4NO-01A	LIHC	4.619301795655821	0.03205068481856017	4.502416096166689
A4NP-01A	LIHC	3.95624285876037	0	3.789218905537414
A4NQ-01A	LIHC	3.697929249489754	0	3.704869878257667
A4NR-01A	LIHC	3.959634815919517	0.09555520280012804	4.2410251366655025
A4NV-01A	LIHC	4.6851100938275785	0.21917709562503415	4.358522055241839
A4U2-01A	LIHC	4.171954083340894	0.04152320035533253	3.9350107245844272
A4XI-01A	LIHC	3.913502514277204	0.03042196818026982	3.8012606553615447
A4ZP-01A	LIHC	2.7648769543765437	0	2.2734034021739653
A4ZQ-01A	LIHC	4.612021229826254	0	5.053462896670374
A5DF-01A	LIHC	3.808432900302549	0	4.855059149163994
A5KG-01A	LIHC	4.432586239053236	0.09057449369075328	4.696498419670547
A5MZ-01A	LIHC	4.617493120664857	0.05327991757521937	3.749471423055616
A5N0-01A	LIHC	4.160660360250309	0.1979058239720431	4.031021308098057
A5NO-01A	LIHC	4.460893748972802	0.11747450675166156	4.968042247893267
A5NQ-01A	LIHC	4.052013312310953	0	4.618803653537759
A5RF-01A	LIHC	3.87675432460281	0.18258204155520671	3.788643005523812
A5RG-01A	LIHC	4.389544756541429	0.03288003960129873	4.213804616641163
A5SI-01A	LIHC	4.594984056012908	0.07613418994908917	4.0528073829971065
A5SJ-01A	LIHC	3.997591328421033	0.03353544374335415	4.107928844245211
A5SK-01A	LIHC	4.320756669141239	0.03387324982676425	3.8942048824464983
A5SL-01A	LIHC	4.300235683123512	0	3.858974929158281
A5SM-01A	LIHC	4.331836561505702	0	3.84967015238917
A5UC-01A	LIHC	4.307243635777629	0	4.482689414288482
A5UD-01A	LIHC	3.539990380910901	0.2739467686453427	4.533248743977347
A5UE-01A	LIHC	5.236233851318605	0.03701415221139571	4.2908210979408885
A5W4-01A	LIHC	3.489844441544767	0.038429011632506	4.073199682977796
A627-01A	LIHC	4.0352786877412274	0.07027744508573697	4.124587471553434
A69H-01A	LIHC	3.2295668371897435	0	4.118866922610207
A6C0-01A	LIHC	3.853178632889815	0.03087507052593976	4.147556506584496
A6G5-01A	LIHC	4.5163892500830025	0.05900883381294645	3.686834027807788
A6GG-01A	LIHC	3.692842913865329	0.09427872995156844	4.010184523811335
A6M4-01A	LIHC	4.144761606780532	0	3.7821562766307606
A6M5-01A	LIHC	3.8310582380134264	0.04635760182731414	3.580882726024984
A6UC-01A	LIHC	3.8121642699000446	0.09617166782662166	3.9203424275808176
A73A-01A	LIHC	3.826848974053642	0	3.532337493299136
A73B-01A	LIHC	4.2199777586136955	0.07721833743668763	4.364805852882362
A73D-01A	LIHC	3.242661203927633	0.4606071064638668	3.777034540837399
A73E-01A	LIHC	3.878834097358995	0.27064150983974344	4.204352213798657
A73F-01A	LIHC	3.845360869336378	0.3318017337051117	4.19333327595142
A73G-01A	LIHC	3.6223543912058074	0.02882857695720736	3.0599329067247107
A75C-01A	LIHC	3.744091882554408	0.08131229917053996	3.3987339173492437
A75E-01A	LIHC	4.564708147568326	0	3.5162572542834636
A75G-01A	LIHC	4.292974378124315	0.08280086461316262	4.7361884526979825
A75V-01A	LIHC	4.072677121228955	0	3.562456429068526
A7B7-01A	LIHC	3.766984951376465	0.05038393267906274	4.450600419024396
A7D4-01A	LIHC	4.446493933910682	0.03682622680538391	4.360013147946341
A7IE-01A	LIHC	4.181181962591324	0	4.212698896057915
A7IF-01A	LIHC	3.542605005010925	0.15305800633604555	3.495063341429923
A7IG-01A	LIHC	3.9886499158411697	0	3.703787163060357
A7IH-01A	LIHC	4.592302914303661	0	4.020511995992678
A7II-01A	LIHC	4.090454315467719	0	5.140459706581101
A7IJ-01A	LIHC	3.89721356164938	0.52364378521862	4.179093040452122
A7IK-01A	LIHC	3.0243190683652457	0.06370221655755086	4.228943795825083
A7IL-01A	LIHC	3.901857505831819	0.18278035297225617	4.309685678351668
A7K0-01A	LIHC	3.60868340226	0	3.9847004182063888
A7K7-01A	LIHC	4.110933249080674	0.18830405008413903	4.146705892339912
A7M5-01A	LIHC	4.090951318455383	0.05839802024434833	3.6854864415491946
A7M7-01A	LIHC	3.443151287502476	0	3.986708335481029
A7MA-01A	LIHC	3.961179021394063	0	4.570570121814486
A7MB-01A	LIHC	3.9240917968018474	0.396498020365049	4.558250298649273
A7MC-01A	LIHC	3.9483981158242423	0	4.2102191376390685
A7MD-01A	LIHC	3.3276092606424825	0.13169064975022382	4.102928425284062
A7MF-01A	LIHC	4.173931332275695	0	4.4738565840586775
A7PX-01A	LIHC	3.567489649546902	0.03758433613260235	4.4218534863063255
A7PZ-01A	LIHC	4.0944890173100275	0	3.890141465340338
A7S9-01A	LIHC	3.3382846695402555	0	3.705521288948195
A7SB-01A	LIHC	4.349270093143788	0.08525766789154862	4.324815239455177
A7SF-01A	LIHC	3.3053994784929728	0.03173466807753637	3.123231159767794
A7SH-01A	LIHC	3.984286497266952	0	3.5632688590338497
A7SK-01A	LIHC	3.0771659368152364	0	4.005550490616128
A7XO-01A	LIHC	4.2149640267198185	0.18628802665032623	4.187275135416959
A7XP-01A	LIHC	4.201648032530586	0	4.3241430517058435
A82E-01A	LIHC	4.90741547570677	0.03041872685249506	4.494636780671989
A86L-01A	LIHC	3.086890500460854	0.0287672679008264	3.4103219965862417
A8HS-01A	LIHC	3.538236202650396	0.14433967095061617	4.992681850240357
7142-01A	LUAD	4.17805936138341	0.1699811098104898	4.561283094410538
7142-11A	LUAD	2.866609836335045	0.1992320637753217	4.456937269548634
7143-01A	LUAD	4.313701131649575	0.12781063987488778	4.305514526118585
7145-01A	LUAD	4.265100709697912	0.15474949180087988	4.675998713740661
7146-01A	LUAD	4.103606335587961	0.04744108510224357	4.565756597877504
7148-01A	LUAD	3.937934256451444	0	4.165273343962906
7149-01A	LUAD	3.448292269990159	0.10277207722058268	3.857469489774016
7150-01A	LUAD	4.079655871413467	0	4.549805266517822
7152-01A	LUAD	3.637652979954824	0.08108516329593045	3.6770901459059098
7153-01A	LUAD	4.290208174714137	0.1039086327149079	3.926100092998814
7154-01A	LUAD	4.273813314514581	0	5.454435566090682
7155-01A	LUAD	4.528639241461772	0.4235818036110864	4.662614746142566
7156-01A	LUAD	3.781587744926592	0.09926783141416974	4.2158210996662495
7158-01A	LUAD	3.6992649252283263	0.1122489114798176	4.124652983749562
7159-01A	LUAD	4.17327119114746	0.04052482139933521	4.327432500600264
7161-01A	LUAD	4.315768571633101	0.0288294993174439	4.324378238839229
7162-01A	LUAD	3.5574120893524763	0.0318878509793075	4.1128273101114585
7166-01A	LUAD	3.0591130538515268	0	3.571624774659268
7220-01A	LUAD	3.984788406100336	0	5.230417178183546
7221-01A	LUAD	4.067380592556214	0.2136686898091466	4.784959769946889
7222-01A	LUAD	4.207856142238309	0	5.107581430415691
7222-11A	LUAD	2.728003949493544	0.0543704007445869	4.313638702218812
7227-01A	LUAD	3.750386965686483	0.6557268413027676	4.177432113063132
7271-01A	LUAD	3.460615965942127	0	4.07062846037722
7281-01A	LUAD	4.000822839144852	0.04093710327410711	4.192892921420117
7283-01A	LUAD	3.766707034001651	0.1314838761077251	4.218256902997608
7335-01A	LUAD	3.4487873367651907	0.17129209684292251	4.3663613622760895
7335-11A	LUAD	3.4179948723548734	0	4.586815008551403
7337-01A	LUAD	3.7682463833846698	0.06401522901514604	5.360200188692566
7337-11A	LUAD	3.003453348070013	0.07863779557498068	4.41037915909625
7338-01A	LUAD	3.522736741501725	0	4.916529889023412
7340-01A	LUAD	3.563305403026575	0	4.764839211588856
7340-11A	LUAD	3.3485733694085034	0.0629270406770217	4.504322096504192
7341-01A	LUAD	3.528842759325491	0.03099814751823994	4.960105719948176
7347-01A	LUAD	2.8491365334006016	0.15282284100287835	3.810698840388308
7348-01A	LUAD	3.6638229963624784	0.04394901048721212	4.216889943721529
7454-01A	LUAD	3.290214209376527	0.05909648728977811	4.742545435478032
7458-01A	LUAD	3.7162135984539457	0.31495184978518914	4.192393668039338
7463-01A	LUAD	3.7834366292086017	0	4.82214677411283
7498-01A	LUAD	3.890993573537611	0.10140787453192464	4.2662802401451465
7499-01A	LUAD	4.304084486009214	0	5.013578584782918
7536-01A	LUAD	3.786544456787662	0	4.946247000430821
7540-01A	LUAD	2.895348691614666	0	4.2515430142435555
7544-01A	LUAD	4.021413731913989	0.16029905871782954	4.645577439337128
7545-01A	LUAD	3.900440160420227	0.03167787106640456	4.8292226556487385
7546-01A	LUAD	4.040796020095919	0.5180441896665148	4.667624844895487
7552-01A	LUAD	3.553821790280904	0.10764536094394812	4.20010336281626
7553-01A	LUAD	4.328275594985809	0.2794523969888395	4.644366471327983
7554-01A	LUAD	3.6937759068245746	0.36126293258387104	4.172031913727631
7557-01A	LUAD	3.4527656946828547	0.03357902216821277	5.010011563875179
7567-01A	LUAD	3.1989538744540584	1.3346977512679703	4.77342451216569
7570-01A	LUAD	3.5318097867098093	0	4.830413821970321
7573-01A	LUAD	4.314604511889326	0.12597943534064612	4.303761301182624
7574-01A	LUAD	3.2527686963988782	0	4.255593410263126
7576-01A	LUAD	3.556180906033698	0.02251245622076742	4.3082755677608136
7579-01A	LUAD	3.9070882749962736	0	4.651455646225378
7579-11A	LUAD	3.3631487458890303	0	4.499237598823672
7580-01A	LUAD	3.98861955186288	0	4.155261520394082
7580-11A	LUAD	2.71127890982273	0.22969390611460516	4.181306129634923
7582-11A	LUAD	3.3688368417679384	0.12784386233071432	4.35953228699464
7622-01A	LUAD	3.7375943859312986	0	4.6508025558935655
7624-01A	LUAD	3.5723569495796537	0.0469388143783592	4.5248674784778355
7633-01A	LUAD	3.799970991422701	0.05112831765623692	4.116051053485601
7656-01A	LUAD	3.4219379650763013	0	5.5036930784274265
7657-01A	LUAD	3.3552582666399964	0	4.735567932775428
7657-11A	LUAD	3.295021593353828	0	4.246073742327413
7659-01A	LUAD	3.1731610613076797	0	4.418724240067218
7660-01A	LUAD	4.303027340591207	0	4.579941847033906
7661-01A	LUAD	3.292112439694202	0.1271064985783837	4.605007038004769
7667-01A	LUAD	3.369891864829718	0.0327146285718963	4.81891505115369
7669-01A	LUAD	3.743078751828111	0	4.913115321040823
7670-01A	LUAD	4.285340197243986	0	5.2802196911979475
7672-01A	LUAD	3.717073190338625	0.3540298772638969	4.187824619772946
7696-01A	LUAD	3.417695208060987	0.1023190260157774	4.8772702609485865
7697-01A	LUAD	3.999742650913218	0	4.722751792679034
7698-01A	LUAD	3.7551039701189985	0.03109875984486837	4.657438076187601
7701-01A	LUAD	3.5060817377592106	0	4.346664233919873
7710-01A	LUAD	3.234628225014895	0	5.153527577958144
7710-11A	LUAD	2.866571643617822	0.06860717640794109	4.536951676457949
7711-01A	LUAD	3.619408639939193	0	4.4534484517315
8124-11A	PAAD	3.815950696048325	0.12524534152179106	4.23777624273404
8126-01A	PAAD	2.784267672900246	0.7677511394240293	3.750176747415128
8127-01A	PAAD	3.8427787700794513	0.04970475150783515	4.7398554287841375
8315-01A	PAAD	3.733640008939546	0.06063066606632902	4.5613814369228365
8317-01A	PAAD	3.333441903045572	0.18643111217895655	4.292242494917353
8519-01A	PAAD	3.2564372957166174	1.574886907319129	4.307416621068617
8637-01A	PAAD	3.913964322033876	0.7999377655979519	4.668567597313242
A44H-01A	PAAD	3.1477617259930346	0	3.6587959737926457
A45N-01A	PAAD	3.5297325948558655	0.1953630507558384	4.252219597515544
A45N-11A	PAAD	2.106422860541195	0.24277307736368095	4.3315771168998065
A49G-01A	PAAD	3.497824281620873	0.04473160275480052	4.146001580235683
A49H-01A	PAAD	3.1969946223772765	0.307847114920639	4.2492232715341824
A49I-01A	PAAD	2.9894260003689155	0.13992033058517958	4.418841095607091
A4BH-01A	PAAD	3.666533728002528	1.0622767848837846	4.631922480929886
A4BK-01A	PAAD	3.2086309947594396	0.0415895377898525	4.436026442249085
A4P5-01A	PAAD	3.074930385698621	0.5279257487285344	4.418432232836514
A4P6-01A	PAAD	3.418115427774543	0.7620455431663341	4.1992239334729495
A5A3-01A	PAAD	3.4791572893166824	0	4.614428860699503
A5A3-11A	PAAD	3.98346389946859	0.04670271370453343	4.260313588332598
A5A5-01A	PAAD	3.392870299565036	0	4.142326408601008
A5A6-01A	PAAD	3.903930974264605	0.16245922152687803	4.508286375477911
A5QY-01A	PAAD	2.5440432368800305	2.142008067712192	4.0885877258023635
A5RE-01A	PAAD	2.8186297985878457	0.0937816642543611	4.295834499267984
A5SO-01A	PAAD	2.9875302613683288	0.14565077639431587	4.178205569099084
A5SQ-01A	PAAD	3.576193955966096	0.29751902803186725	4.162115740416082
A5ST-01A	PAAD	3.2220237856739837	1.592178460342072	4.36631161826022
A5VM-01A	PAAD	3.4293910222214388	1.5257981645352603	4.984345290389707
A6UF-01A	PAAD	3.5890131707146415	0	5.163873191187884
A6UG-01A	PAAD	3.537485989705884	0	3.9916796282993694
A779-01A	PAAD	3.134769401479416	0	4.106479146856001
A77P-01A	PAAD	3.008027472367859	0.46644987832922263	4.402875164560335
A77Q-01A	PAAD	3.203580885890788	2.0191872089588734	4.5286046846799595
A78T-01A	PAAD	2.942086589402951	0.03245905329053705	4.081280956878127
A7LX-01A	PAAD	3.9665664449615385	0	4.62904451491335
A7M4-01A	PAAD	3.4412983189968434	0	4.905286956441611
A7OL-01A	PAAD	2.532947659963313	0.04074815413733071	4.132866762044538
A7SX-01A	PAAD	3.3378663893000744	0.06302319274065377	4.442077557248107
A7TX-01A	PAAD	3.913516535045178	0.623329126687715	4.2653820742052195
A89D-01A	PAAD	3.191985292434158	0.09068394770987344	4.453876631864801
A89D-11A	PAAD	3.1496958784712525	2.6454753453916173	4.1835686500553955
A8F3-01A	PAAD	3.5597471042164597	0	4.406934417312612
A8LH-01A	PAAD	3.323094104497661	0	4.4206313588750055
A8P1-01A	PAAD	2.866466778213424	0.04492766947442126	4.269546844441011
A8RM-01A	PAAD	3.0922152444268822	0.11068702367242704	4.395585680622094
A8RO-01A	PAAD	2.797689921383159	0	4.837330726853552
A8RP-01A	PAAD	3.5038046450164884	0.04954486791140648	4.294438766517745
A8SY-01A	PAAD	3.067985401277017	0	4.345314737425782
A8T3-01A	PAAD	3.8391096962863016	0.13327550316671555	4.282740314626674
A8T5-01A	PAAD	3.2176854867823126	0.10165610408648998	4.458433957593118
A8YN-01A	PAAD	3.724287553608576	0	4.237494169541972
A9I5-01A	PAAD	3.65124882035803	0.4087281860173327	4.163673800537473
A9I7-01A	PAAD	3.1348781330167546	0	4.14752788539174
A9I9-01A	PAAD	3.0118618054023827	0.2987174613333896	4.0718526130814015
A9IB-01A	PAAD	3.5890198904602637	0.0669672259037181	4.259820086844197
A9IC-01A	PAAD	3.153853767068765	0	4.1447461869168345
A9IX-01A	PAAD	3.672658781214014	0.2015990772479657	4.1019649750310245
A9IZ-01A	PAAD	3.5123328435109253	0	4.68151560874213
A9J0-01A	PAAD	2.511532420309851	1.6057508929801336	4.505017012941107
A9Q5-01A	PAAD	2.81524160540886	0.07093236284591725	3.675932102114966
A9TJ-01A	PAAD	3.2213206440474487	0	4.697587980334469
AA2A-01A	PAAD	3.2965087983033854	0.5904500521526131	4.060965567087543
AA9M-01A	PAAD	3.8644675621604714	0.23304386010601516	4.45510006508003
AAAY-01A	PAAD	3.3312654772483907	0.3088100419428401	4.397156948010926
AAAZ-01A	PAAD	2.7105086320121266	0.12208330491068432	4.435019732415996
AAB1-01A	PAAD	2.9861417329323263	0	4.021058626043823
AAB4-01A	PAAD	3.3419463640559326	0	4.1821259087050136
AAB6-01A	PAAD	3.043523157495356	0	4.901966666137392
AAB8-01A	PAAD	3.1385920509770737	0.3737224324731425	4.503519995661511
AAB9-01A	PAAD	3.4380507457576406	0	4.3575944125407355
AABA-01A	PAAD	3.670838426265495	0	4.339742754876047
AABE-01A	PAAD	3.4017593114501756	0.05214240457197083	4.086744735531504
AABF-01A	PAAD	3.3041847022798025	0.09515483412299736	4.301284047147337
AABH-01A	PAAD	2.785619563258495	0.05703096719183975	3.917601403659838
AABI-01A	PAAD	3.233365953012294	0	4.512635238454124
AABK-01A	PAAD	3.1602047926648615	0.05488956263687442	3.954678146673286
AABO-01A	PAAD	3.041872709679967	0	4.338231698070626
AABR-01A	PAAD	3.57832319293936	0.05519676671851256	4.322929471788157
AABT-01A	PAAD	2.61243153186559	0.14991530097893324	4.1175139586741265
AABU-01A	PAAD	3.4892395614782186	0.09756059757848336	4.575700882565832
AABV-01A	PAAD	2.318550660589283	0	3.1775869632105507
A681-01A	PCPG	1.7777592699506826	0.03395290004429119	4.009669071670811
A684-01A	PCPG	1.246486668972464	0.13420426745380917	3.893591804948125
A685-01A	PCPG	2.043403218276743	0.06327110884627701	3.912453428363167
A686-01A	PCPG	1.581886956961044	0.13722469164394763	3.875727627680432
A688-01A	PCPG	1.3013989776783967	0.1377695858214176	4.184718222384764
A689-01A	PCPG	1.0216249336202383	0	4.477124270583691
A68A-01A	PCPG	2.14476798763197	0.1694757428403421	4.280042361499611
A68B-01A	PCPG	1.5294994510576956	0.08346927933090696	4.512033845265894
A68C-01A	PCPG	1.9873566663511704	0.12131624598174395	4.132519697653568
A68D-01A	PCPG	1.7873261065053234	0.22914155946893097	4.265659492938667
A68F-01A	PCPG	1.478953434766392	0.2984473317945486	3.930731193914839
A68G-01A	PCPG	1.8608273970583524	0.08778592882564766	3.5240894675091425
A6GO-01A	PCPG	1.0760505238157636	0.09663659131807244	4.43249939950513
A6GS-01A	PCPG	1.6904085711461665	0.1266436321272549	4.164291496487488
A6GU-01A	PCPG	1.4540510906908606	0.151718982682507	3.917164051625196
A6GW-01A	PCPG	1.908881404965033	0.08609544566840699	4.109645031654922
A6GX-01A	PCPG	2.250605118908296	0.13106682980174067	3.9421663834181704
A6GY-01A	PCPG	1.8506611573061549	0.0303693075013205	4.015605838485706
A6H0-01A	PCPG	2.0152116378980964	0.24638292887590407	4.072831230779006
A6H1-01A	PCPG	1.7700759080246284	0	4.281936544627683
A6H2-01A	PCPG	1.1992384387561676	0.14057823163769728	4.139312697835189
A6H4-01A	PCPG	1.3482573279715042	0.20761656158112504	4.165162711398233
A6H5-01A	PCPG	2.2699530337464613	0.23306494257606228	4.076959934235557
A6H6-01A	PCPG	1.9676186867525935	0.3876029956057112	3.872937145107707
A6I4-11A	PCPG	3.360690616361561	0.4342410290920584	4.893311222592654
A6I6-01A	PCPG	0.5415566560287124	0	4.071789016926446
A6MP-01A	PCPG	1.4407071375270626	0.04418526323728301	4.0310194017430945
A6MS-01A	PCPG	1.8829139326613749	0.03896950279302398	4.045406264529578
A6MT-01A	PCPG	2.497840706395534	0.05791887508379117	4.065045883727689
A6MU-01A	PCPG	1.6888475753731471	0.1878831714485738	3.758117526923235
A6MY-01A	PCPG	1.5657263042356795	0	4.280562117128912
A6MZ-01A	PCPG	2.0149348821032285	0	4.255153111347085
A6N0-01A	PCPG	2.7599950512173828	0.12874604586502134	4.552171255564005
A6QC-01A	PCPG	1.432575976581962	0	4.007725574226639
A6QD-01A	PCPG	1.766842264870537	0.05142664850418021	3.370267727736648
A6QF-01A	PCPG	1.132347437506799	0	3.782204033172628
A6QI-01A	PCPG	1.4821685000938782	0.03592701756793128	4.290728430160991
A6QJ-01A	PCPG	1.416200561598387	0.07157349032263054	4.140067126512422
A6RY-01A	PCPG	1.1875566355057936	0.03054132573373063	3.516905033596555
A6Y9-01A	PCPG	2.5723092941074555	0.19889537609584065	4.247494637225454
A6YA-01A	PCPG	0.9648290664827704	0.1083024533769964	4.013771698595271
A6YJ-01A	PCPG	1.0089597713348732	0	4.383056483100377
A6YO-01A	PCPG	2.9942329108122343	0	4.959936601454294
A6YP-01A	PCPG	2.395280429364267	0.04354936003424475	4.167121725693191
A700-01A	PCPG	1.305840191895229	0.0737697737872213	4.726719050174496
A703-01A	PCPG	2.157128753476023	0	3.9231594956973623
A706-01A	PCPG	2.0518257073539146	0.15722924969774993	4.12276826366022
A707-01A	PCPG	0.8831576280501239	0.06197008675864216	4.149811337774532
A708-01A	PCPG	2.1903141121854826	0.05040642666045374	3.396509211352875
A70A-01A	PCPG	1.3757915945976482	0.26051074269804836	3.3811410970778275
A70D-01A	PCPG	1.880253780249581	0.16657041073033313	3.960725308050022
A70E-01A	PCPG	2.76974970612049	0.16504063282687298	4.077257170831871
A70J-01A	PCPG	2.0949944939428744	0.6959558505857167	4.260762759373866
A70M-01A	PCPG	1.2551856254670837	0.06365882029064202	4.070024265466315
A70N-01A	PCPG	1.943510397624346	0.04396166477632277	3.65136904576858
A70O-01A	PCPG	0.30061912014355247	0.05990828484454898	2.316604511630526
A70V-01A	PCPG	0.989448067206862	0.03766581400099031	4.168859758216214
A70W-01A	PCPG	0.33675338528680565	0.02924748485668231	3.486491921752872
A70X-01A	PCPG	1.2787826001323217	0.12537169997371805	3.8607616842960537
A7D0-01A	PCPG	1.2754327729579935	0	3.9852086064198433
A7H7-01A	PCPG	1.8357960464187515	0.21310584296572485	3.8432021437510975
A7HB-01A	PCPG	1.4147687335847268	0.03383574584084926	4.363531368352014
A7HD-01A	PCPG	1.7029140922371435	0.04387122723430129	4.249840334162576
A7HE-01A	PCPG	2.354807345452812	0.03628152189217071	4.323058032016268
A7HF-01A	PCPG	1.2041537674986609	0.0375095172639358	4.254032745248679
A7IN-01A	PCPG	1.0570197706435027	0.318545520146526	4.187359117009779
A7UY-01A	PCPG	1.3526006563826674	0	3.190453328811425
A7WL-01A	PCPG	1.4017756032564193	0.13380660993669002	3.950137389398238
A7WM-01A	PCPG	1.5334350115866522	0	4.2239908326467495
A7WN-01A	PCPG	0.9945994114705892	0.10698011760148474	4.4302152623754685
A7WO-01A	PCPG	3.0962444968027456	0.10875688137279392	4.503644611935055
A7WP-01A	PCPG	1.7128866529858613	0	3.8975249958097606
A7WT-01A	PCPG	1.395874214186557	0.05603508409022719	4.029574913151591
A7WU-01A	PCPG	2.100173215233704	0.12993909674670165	4.260207859948779
A7WV-01A	PCPG	2.4343206695646393	0.03390926887247248	4.212508227191464
A7WW-01A	PCPG	1.864929280240227	0.1032708889601862	3.688875741140149
A7WX-01A	PCPG	1.195030542273466	0.15861849832472483	4.0988272582796155
A7X0-01A	PCPG	1.920422205542058	0.3889903511700286	4.3493367283094635
A7X1-01A	PCPG	2.3609067255640603	0.03702240773702146	4.09539395757488
A80K-01A	PCPG	2.5170603522173107	0.15019902433725632	4.0198498351131065
5514-01A	PRAD	4.0293644660909695	0.03988363639987183	4.781811454989826
5515-01A	PRAD	4.387552748567772	0.8180090257168099	4.55615396693451
5517-01A	PRAD	3.878815163652958	0.4221792368778316	4.310747762957599
5518-01A	PRAD	4.0789958749215005	0.09797483171601784	4.474395233103448
5519-01A	PRAD	3.353917228154735	0.08720242366875249	4.2361859226796685
5521-01A	PRAD	4.083635215076808	0.4781617574826848	4.2567797851964775
5522-01A	PRAD	4.236149752371525	0.25051002519368976	4.61215111717757
5524-01A	PRAD	3.822109120088652	0.08117510575051053	4.628357225510779
5525-01A	PRAD	4.295791847275933	0.06866043456238215	4.5260147348899755
5526-01A	PRAD	3.9948497293161456	0.3674941291411195	4.700933095039925
5527-01A	PRAD	4.249872249265371	0.09204535674622008	4.451451778637933
5530-01A	PRAD	4.219188955403424	0.1734659948960207	4.223808684327609
5532-01A	PRAD	3.836301449076734	0.03294653199233968	4.578542059833103
5542-01A	PRAD	4.440644200888712	0.3855179950609904	4.604413924800668
5738-01A	PRAD	4.306287135785492	0.38736631990122794	4.4957915646073525
5739-01A	PRAD	4.105133309818944	0.36003754408103705	4.4453158413182265
5740-01A	PRAD	4.186684493208485	0.05920105579776702	4.4119869017832105
5741-01A	PRAD	3.951638375507288	0.04525948390972419	4.386504512473463
5743-01A	PRAD	4.195411701292339	0.4683063927450189	4.606633187943616
5744-01A	PRAD	3.707950066325493	0.05784921083046507	4.063828472945245
5745-01A	PRAD	3.8498080761259073	0.15124861547372478	4.437727716006676
5746-01A	PRAD	4.061204051442682	0.06138649949342944	4.359084311260673
5748-01A	PRAD	4.152698438135554	0.3141493981335151	4.406241798128814
5751-01A	PRAD	3.6800493528575062	0.0467223830589101	4.264333436706785
5752-01A	PRAD	2.480710458548393	0.10716319109432272	4.4222311405087025
5753-01A	PRAD	3.622988002315622	0.22872354838062217	4.398512055005232
5754-01A	PRAD	3.524064971920812	0.1455235479783506	4.198450444359405
5761-01A	PRAD	3.638039096106076	0.03464277655673503	4.476103716292593
5761-11A	PRAD	4.20198529571734	0.5088126956401654	4.311653588265675
5762-01A	PRAD	3.877219563264603	0.04263728995516099	4.744918014509948
5764-01A	PRAD	4.0829925798704245	0.15781430461070936	4.522836004234967
5765-01A	PRAD	4.195273520019956	0	4.2371660173935135
5767-01A	PRAD	3.706634011317356	0.7751829728617062	4.1878156104388795
5768-11A	PRAD	4.532101937777429	1.2534874820710722	4.34845677553211
5769-01A	PRAD	4.098625756271702	0.25248310162366067	4.329044291980113
5769-11A	PRAD	4.057456648609107	0.13184950020625788	4.240989448085379
5771-01A	PRAD	3.377633041411639	0.04190011388468194	4.058823655356666
5772-01A	PRAD	3.732382421701525	0.34795811677749894	4.400522419508951
5788-01A	PRAD	4.118868292302379	0	4.290499630800515
5789-01A	PRAD	4.32512240648196	0.46966463502236383	4.58107526374271
5791-01A	PRAD	3.809680272700231	0	4.379972504501398
5792-01A	PRAD	4.039316172881281	0.1430460765443676	4.038244677576648
6329-01A	PRAD	4.147653539948126	0.9307168083861864	3.803877164921055
6332-01A	PRAD	3.921265838640774	0	4.251553730295522
6333-01A	PRAD	3.579368857898398	0.5900730532693352	3.932340600361006
6336-01A	PRAD	3.855715923528351	0.1457902796762192	4.127583866094744
6342-01A	PRAD	4.007873601760218	0.22078926955977524	4.28375870429638
6342-11A	PRAD	4.504532729740487	0.29375622479235186	4.2653111126166925
6347-01A	PRAD	3.0418096454866452	1.706679027211725	3.5755588720416034
6348-01A	PRAD	4.00155382537572	0.27851011761097416	4.270778895021589
6348-11A	PRAD	3.101559770861029	1.3642492699768094	3.87696485757376
6351-01A	PRAD	4.413299268698757	0.7327452936386959	4.174391082317126
6351-11A	PRAD	4.210970257943163	1.5761903680130624	4.209907911105268
6353-01A	PRAD	3.9400560855100952	1.1488698146481464	4.047306352388781
6354-01A	PRAD	3.59071789176989	0.2956973011120962	4.145687238444727
6356-01A	PRAD	3.945224684115869	0.20456349372507235	4.107922841940416
6356-11A	PRAD	4.303970088496448	0	4.3230872923820085
6362-01A	PRAD	3.556897949121248	0.03246456054039998	3.4072351920433817
6362-11A	PRAD	3.704449229105588	0.07925408442067147	4.110214739064528
6363-01A	PRAD	3.916954005243465	0.2581383444664854	4.779013495097037
6363-11A	PRAD	3.9190795020047138	0.643391376254942	4.286098827690245
6365-01A	PRAD	3.994174489251787	0.6708636919798537	4.151867282827807
6365-11A	PRAD	3.9809319994472663	0.5273788173856354	4.135539499302436
6366-01A	PRAD	3.8601404474108194	0.32229308470504525	4.071532116363332
6369-01A	PRAD	3.306970159941271	0.3040071947958499	3.268607886266618
6370-01A	PRAD	4.42778538205381	0.6379599622043064	4.18311423258216
6377-01A	PRAD	3.910182582153717	0.1474994064531329	4.145636168428008
6378-01A	PRAD	3.420729010448603	1.3741058997687663	3.5290304695861963
6379-01A	PRAD	3.4190007476402133	0.19383227505014064	3.6533466244026607
6384-01A	PRAD	4.087650500497181	0.2878677101298686	4.250356490847463
6384-11A	PRAD	3.774910008325835	1.0828565560163543	4.010923192482177
6385-01A	PRAD	4.067834221450731	0.6966296181497212	4.127081618649857
6494-01A	PRAD	3.6672313841386126	0.10457056169586416	4.348500288862461
6496-01A	PRAD	3.537198023393251	0.1623640496760605	3.2926232285804735
6498-01A	PRAD	2.615336763060557	0.09354439626416591	3.4591615753394502
6499-01A	PRAD	3.881431033955887	0.6273587295400022	4.1871703954343165
6499-11A	PRAD	4.101670175232613	0.5160107517511966	4.5683633313820335
7075-01A	PRAD	3.6340128780570047	0.5487384473451673	4.11838613144702
7077-01A	PRAD	4.049126962861883	0	4.364173649150738
7078-01A	PRAD	3.2389781324990574	0.20883107988418304	3.83942118928562
A1YA-01A	THCA	3.5058930817335088	0.08775812582883578	4.0490313260487625
A1YB-01A	THCA	2.8579695694529925	0.04917246754004614	3.636965116422792
A1YC-01A	THCA	4.011713493359859	0.04290712435264529	4.329566208699138
A1YC-11A	THCA	3.0640841705063337	0.17302120851900177	3.6233305031194103
A1YE-01A	THCA	3.9060461053818094	0.13745458162233343	4.29942004354962
A22I-01A	THCA	3.3866034025447496	0.02598016717882283	4.052218703400299
A22J-01A	THCA	3.1188755156734325	0.05173445891154032	4.164920319304173
A22K-01A	THCA	3.8116880475529498	0.13909920153091504	4.3635625475818225
A22L-01A	THCA	3.727421648466173	0.02804538257040381	4.739694335190947
A22N-01A	THCA	3.1357435982968127	0.2012302520932293	3.871703523427173
A22P-01A	THCA	3.857927458325048	0.6347456647441807	4.406484483010046
A22Q-01A	THCA	3.4482857346807982	0.08539597243021466	2.329738976948967
A22Z-01A	THCA	3.4451948866337876	0.07580649784728252	3.986981321638429
A230-01A	THCA	3.6528805717735686	0	3.866308410206204
A231-01A	THCA	3.3940393321811673	0.02363001680574492	4.112354138732203
A232-01A	THCA	3.574867431973796	0.03302705625863874	4.077586607093596
A233-01A	THCA	3.4825055725767204	0.035246380943219587	4.30857840129376
A234-01A	THCA	3.920462485248656	0	4.561844133042312
A235-01A	THCA	4.213734139387227	0.03275906172876865	4.625091615580698
A236-01A	THCA	3.778877577585364	0	4.230838757346229
A237-01A	THCA	3.686823011562532	0.09687454980974625	4.240331046655941
A238-01A	THCA	3.5877816143819885	0	4.240037639687951
A239-01A	THCA	4.454794290529725	1.424845425604952	4.552651319763837
A23A-01A	THCA	3.118007902821801	0.01556821194133662	3.7149744519840784
A25G-01A	THCA	3.626102711588174	0.11134433042411736	4.197392232434617
A25I-01A	THCA	2.8908281321879845	0.1890120098438817	3.889027182491555
A25K-01A	THCA	4.102016753721895	0.10152027624190096	4.455389928896759
A25L-01A	THCA	3.5627402634063614	0.06291897853394164	3.96323823385288
A25M-01A	THCA	3.667620683797575	0.08496892023616338	4.0987504767541685
A25N-01A	THCA	4.284620856121036	0.07566440882135443	4.499950490648816
A25O-01A	THCA	3.840793477218873	0	4.3124037238849295
A25P-01A	THCA	3.857981852462823	0.29898270213592226	4.638198314099592
A25R-01A	THCA	3.3009904366202085	0.04075635439226768	4.129503823423179
A26U-01A	THCA	3.5280692048952966	0.05368092844077944	3.9732070209509
A27D-01A	THCA	3.789229206781549	0.16141788507154686	4.423600504106163
A28R-01A	THCA	3.746396468322964	0.02268319394560833	4.3162229826362
A28R-11A	THCA	3.822996345101117	0.06642295783967898	4.488018870056364
A28S-01A	THCA	3.7398461949527055	0.17334895729707486	4.434597242805552
A28V-01A	THCA	4.458502863360392	0.1497269140033195	4.517138323060424
A28W-11A	THCA	2.603614975624668	0.0351212282196207	3.855446110536731
A28X-01A	THCA	3.6298354617958424	0.02868512344672941	4.246506201900033
A28X-11A	THCA	3.4398094962034462	0.08359897102178744	4.317089804921021
A28Z-01A	THCA	3.428454752610284	0.02976522565954343	3.976873342994984
A290-01A	THCA	3.91246399526837	0.2666342661740957	4.26872983871933
A290-11A	THCA	4.137175574728097	0.5175116254618035	4.510888882315257
A291-01A	THCA	3.166590730457143	0.15449532785044243	4.188500145661994
A2CK-01A	THCA	3.542226378532669	0.14162956621824807	4.472305393298256
A2CL-01A	THCA	4.072730896716811	0.1901154735347481	4.473502268522209
A2CM-01A	THCA	3.272138027412002	0.1340290503296471	3.937994109327948
A2CN-01A	THCA	3.577545125119956	0.0913811247159806	4.2832489960400055
A2CO-01A	THCA	3.244793031527292	0.06504874354558061	4.033084663220207
A2CP-01A	THCA	2.9778728089523603	0.0715602155408674	4.37349087405123
A2CQ-01A	THCA	3.491552777520516	0.07706903139859395	4.483671594556438
A2CR-01A	THCA	3.0314781011996628	0.3828137658802712	2.588463244931011
A2CT-01A	THCA	3.394852141873	0.06795974219240886	5.034147549987513
A2CU-01A	THCA	3.761233925591947	0.06269537721500994	4.423393742448984
A2EA-01A	THCA	3.514244728437778	0.15790595617353229	4.151927636552857
A2JQ-01A	THCA	3.58220704569622	0	4.1943604036226585
A2JQ-11A	THCA	3.4398679105333647	0.03912059306099777	4.457283698995182
A2K9-01A	THCA	4.018309917466856	0.20809999373854232	4.522114256230874
A2K9-11A	THCA	4.00741027451515	0.16806785704146585	4.394340083449144
A2MX-01A	THCA	3.4180373529557326	0	4.434002184820844
A2MZ-01A	THCA	4.049070252319794	0.03093764681261018	4.474109971825487
A2N0-01A	THCA	3.323746253105011	0.02872475250729778	3.87836393226622
A2N4-01A	THCA	3.776903880458845	0.07284464605897545	4.5009311752266035
A2N7-01A	THCA	3.766086582871896	0.09769885804159067	4.421742831088128
A2N8-11A	THCA	4.271513865868942	0.22082906784014497	4.632004378700685
A2N9-01A	THCA	3.572540725012761	0	4.0767143255322775
A2N9-11A	THCA	3.731374398933162	0.03114626397537035	4.416723671170579
A2NA-01A	THCA	3.843601846404844	0.10848219950556295	4.320731805607785
A2NA-11A	THCA	3.935809236046444	0.22366843520427876	4.4790747336775265
A2OL-01A	THCA	4.371853047696997	0.02766322600143799	4.4194481089613324
A2OY-01A	THCA	3.3925568352452755	0.01986563471224379	4.028195022919263
A2OZ-01A	THCA	3.619667379751376	0.04609475294123624	4.689701243275431
A2P1-01A	THCA	3.2244181545737627	0	4.331201066743454
A2P3-01A	THCA	4.107944566491635	0.13585224969506018	4.397046683705995
A2P4-01A	THCA	3.3451430495469707	0.4063530917560313	4.176560668777109
A2PN-01A	THCA	3.8926187342857834	0	4.626857990316515
A2PO-01A	THCA	3.874644355890927	0.0370376136427506	4.3535451494866555
A2PP-01A	THCA	3.2558048040541956	0	4.699517319413575
A3FT-01A	UCEC	4.051177486576501	0	4.133340789984228
A3FW-01A	UCEC	3.6887730876488662	0	3.97522832618779
A3FX-01A	UCEC	2.9630256767902474	0.08478865276914103	3.944209952506812
A3FZ-01A	UCEC	2.991746425406523	0	4.8242725457173945
A3G1-01A	UCEC	4.182853420877278	0.1276613751882159	4.636656546956872
A3G4-01A	UCEC	3.9598681033634526	0.6931608908229874	4.363449655721044
A3G6-01A	UCEC	4.09118620779473	0.04414894494069171	4.5043580363317455
A3G7-01A	UCEC	3.6742175704622344	0.19765408233180667	3.5288928729342617
A3G8-01A	UCEC	3.720203552900797	0	3.6844172654725074
A3G9-01A	UCEC	4.058966742143091	0	4.379599102743552
A3GB-01A	UCEC	4.237698584036094	0.06993080981140784	3.5528633726858825
A3I9-01A	UCEC	4.503363359431439	0.2284235172267636	4.687482271862714
A3IA-01A	UCEC	3.754379928425933	0.26372887998887584	4.830729892590213
A3JP-01A	UCEC	4.470981879225152	0.03331780090229586	4.181165173313804
A3JQ-01A	UCEC	4.778907745203914	0.1244847106151478	4.781613669100038
A3K1-01A	UCEC	3.4506517299843966	0	4.528690934525239
A3KU-01A	UCEC	4.741257458610887	2.933089886865725	5.620645383369707
A3KW-01A	UCEC	4.192287491979381	0.1431758585081221	4.849587989925789
A3KX-01A	UCEC	4.5438142753926805	0	4.660768182155969
A3L3-01A	UCEC	5.13692289005229	0.15241054019968583	5.818129611608151
A3LO-01A	UCEC	4.620642188292627	0	4.579704922885176
A3LP-01A	UCEC	3.880590854907256	0.03250996345291075	4.37077276899948
A3NC-01A	UCEC	4.172612852673849	0.0379846584904523	4.436807846494035
A3NE-01A	UCEC	4.4439984447581775	0.18967826275953692	4.88319301096409
A3NE-11A	UCEC	3.754711602607096	0.2933112914591768	4.577163142332477
A3NF-01A	UCEC	4.576018078962548	0.11764922967419993	4.532265189083692
A3NG-01A	UCEC	4.533562447559021	0.24751982253875668	4.5857024859397235
A3NH-01A	UCEC	5.294602902433314	0.3710824864409909	5.240046294346437
A3NH-11A	UCEC	4.678947949712502	0.37391054151284614	4.518069828459031
A3OJ-01A	UCEC	4.545630401429259	0	4.4864762679875065
A3OK-01A	UCEC	3.958858147973668	0.4986164217194208	3.3739215977151216
A3OL-01A	UCEC	4.824321940770558	0.1296831619030443	4.868817048767206
A3PP-01A	UCEC	4.309993629326006	0.04478867355718664	4.6410179489636985
A3PP-11A	UCEC	4.46970015043383	1.4645153606515002	4.406757346362297
A3PV-01A	UCEC	4.367628519260943	0	4.662560873567455
A3PX-01A	UCEC	4.503778476717232	0.2384829240155608	5.142412233189481
A3QS-01A	UCEC	4.617525748890267	0.14006847305812747	5.00164326910861
A3QX-01A	UCEC	3.780760973335758	0.18445946292210452	4.025106699656658
A3U4-01A	UCEC	4.3834445847512695	0.46040989737686666	4.784484722083685
A3W0-01A	UCEC	4.16159488767391	0.13620538275222038	4.705744385766873
A3W3-01A	UCEC	4.2549489911421485	2.3867881549383427	5.3161880778242345
A3WQ-01A	UCEC	4.943094478542982	0.7339852658585172	4.345637031655547
A4ZD-01A	UCEC	4.307714978465308	0.26214797104786447	4.2871997021207635
A4ZD-11A	UCEC	3.7770866748463456	0.4725050497030613	4.689279199510497
A547-01A	UCEC	3.980570724657706	0.10554577853086625	3.545482435983801
A548-01A	UCEC	4.108544347174006	0.31953161252450724	4.345608871853222
A5BC-01A	UCEC	4.90574186908373	0.07732067610355504	4.8001235890287495
A5DV-01A	UCEC	4.642755344813959	0.11635512209408876	4.55312485283643
A5DW-01A	UCEC	4.693190679832265	0.24100571588523184	4.819235070818207
A5FX-01A	UCEC	3.602517917241322	0.09643738610179212	3.38876053134888
A5OC-01A	UCEC	3.863969325321997	0.20577747127935528	4.54711687276785
A5OD-01A	UCEC	4.427602905114647	0.21650973800379836	4.2459122146160775
A5OE-01A	UCEC	3.701265986211999	0.08024100149413188	4.971752138592479
A5W2-01A	UCEC	3.2872281849086704	0.03224388804011872	4.068674604682276
A5YQ-01A	UCEC	4.470372798015026	0.2372425187277045	4.1368878436457415
A5YR-01A	UCEC	4.314017224352811	0.03899042772894158	4.167240724238669
A5YT-01A	UCEC	4.714509966243087	0.07843638365688352	4.538091117369898
A6IB-01A	UCEC	3.092764585643609	0.21662105113172825	4.941645220352309
A6JA-01A	UCEC	4.222732199444462	0.12283116862997465	4.274792493711234
A6W3-01A	UCEC	4.167783381646466	0.15003667001385462	4.210280095798753
A6W4-01A	UCEC	3.91004384662413	0.36333304473800826	4.572464488695165
A6ZI-01A	UCEC	4.516843784897289	0.11820015787957558	4.608873896180372
A6ZJ-01A	UCEC	4.468013882137991	0.15575142281120377	4.169921971502298
A72D-01A	UCEC	4.6209758664315626	0	5.393386747022627
A744-01A	UCEC	4.737786979392722	0.06453960576530032	4.709156708194343
A7D5-01A	UCEC	4.604277443962582	0.4424093018781288	5.106163492283955
A7WK-01A	UCEC	4.415132421556106	0	4.596736984347892
A8CT-01A	UCEC	3.89699450976034	0.20206088651633852	3.955558028777029
A8CV-01A	UCEC	4.640913359491622	0.23194291632396544	4.51035050019792
A8CW-01A	UCEC	4.206325879584349	0.20023097434751627	4.490639198896058
A8F1-01A	UCEC	3.229984091369288	0.12759929707714587	3.0936977170087565
A8L9-01A	UCEC	4.853412428299629	1.136025743428705	5.4866982705287475
A90C-01A	UCEC	5.034144126551494	0	4.8496852587871775
A914-01A	UCEC	4.467328841423746	0.06508168034943627	4.845808754745077
A915-01A	UCEC	4.674229059554604	0.20817131594174457	4.9664284863310675
A917-01A	UCEC	4.521908966021339	0.148958538015542	4.618509375103426
A92E-01A	UCEC	4.3473068895119455	0.13966202019946322	4.362326234103766
A9Q8-01A	UCEC	3.2700198510988585	0.0958199835125429	3.5573672195610575
AAVI-01A	UCEC	3.136450580556312	0	4.5207914250278405
AB3J-01A	UCEC	3.5386619119824787	0.1603147631728003	4.17603567405188
A0F7-01A	BLCA	3.850250227247104	0.04636660754136058	5.432154025461901
A0YN-01A	BLCA	3.857967277245195	0	4.951268466713839
A1A5-01A	BLCA	4.832382994819988	0	5.145921178153877
A1AA-01A	BLCA	4.503731208197351	0	4.602590024481897
A1HR-01A	BLCA	4.940702604667087	0	4.559260791194578
A1HS-01A	BLCA	3.8893244646829768	0.04652128847621024	4.6537934347688665
A20W-11A	BLCA	4.2695709585609185	0.14845485638188458	4.738067264019392
A20X-01A	BLCA	3.1384882680454815	0.02719370876121653	4.6286684605997825
A27C-01A	BLCA	4.250554415467773	0.02877748675854725	4.324119258843658
A2EF-01A	BLCA	3.776823558099308	0.02700269192758702	5.592181889948718
A2EL-01A	BLCA	4.1559172534044	0	4.905857566359496
A2LA-01A	BLCA	3.4490747440389833	0.2840575314422123	5.04525632858031
A2LD-01A	BLCA	3.130040739530194	0	5.445258835191569
A2OF-01A	BLCA	5.0768360439539855	0.28877264614244574	5.247498509785216
A2PC-01A	BLCA	3.7281413627538194	0.02365881369685112	4.528848478949671
A3B3-01A	BLCA	3.414304440892104	0.18207273282720501	4.707558926525423
A3B5-01A	BLCA	4.0163158611974294	0	4.388274087978417
A3EE-01A	BLCA	3.4028283997384814	0.04245929798571864	4.716391094778112
A3KJ-01A	BLCA	3.4227738808247503	0	4.850778527095672
A3MG-01A	BLCA	4.940130504274961	0	4.878225102433555
A091-01A	BRCA	4.677757765755955	0.34068275142201426	4.486160757091787
A09Q-01A	BRCA	2.6677518708588503	0.31037893250951865	4.201674212348097
A09V-01A	BRCA	4.118730512028761	0.06654131560035902	4.489323208724932
A0A1-01A	BRCA	4.028480671818615	2.3721876043553656	4.465348619172482
A0AT-01A	BRCA	3.9273311817970504	0.02648279696270985	4.9698740324427195
A0AV-01A	BRCA	3.890897692728714	0.6490055195190807	4.423672207562508
A0B3-01A	BRCA	3.415481858174795	0.31119926511276513	4.419189042879644
A0B4-01A	BRCA	2.938020508547177	0.17783309490110005	4.853656069073364
A0BD-01A	BRCA	3.244629475019564	1.481674190353616	4.393299771287973
A0BF-01A	BRCA	2.9501244271880567	0.6918181576752793	4.704727536181595
A0BL-01A	BRCA	4.327576548741959	1.7180467347560373	4.511655794903928
A0BQ-01A	BRCA	4.12886329922418	0.28614313615313436	4.35852773688839
A0BQ-11A	BRCA	4.243815070888778	1.4953315043361688	4.51072423861448
A0BS-11A	BRCA	4.465665653806554	3.069337553340665	4.692985643404527
A0BT-11A	BRCA	4.417521105159932	1.764909863994178	4.7430330131288505
A0BZ-11A	BRCA	4.0294308715705816	4.901215659651815	4.274992306865184
A0C0-11A	BRCA	4.2745248598213506	2.1019685021972867	4.463725094075188
A0CG-01A	BRCA	3.72465795774087	1.551909870958304	4.434661574055225
A0CH-01A	BRCA	3.9515773477201326	0	4.559299766821675
A0CL-01A	BRCA	3.1374959667289852	0.6724618009466007	5.2858785472535565
A1M6-01A	CESC	4.322681799077005	0.08034957437839163	5.261000178537427
A1M8-01A	CESC	3.3765593517773844	0.04730011013475985	5.0983397327967594
A1O9-01A	CESC	3.630107519775533	0.04239783346573096	4.942220511398142
A1OD-01A	CESC	3.6538523035035104	0.04580592084202384	5.096379553535191
A1QS-01A	CESC	4.357045425496763	0.06309253875683576	5.205400859405748
A2IR-01A	CESC	4.603905228280783	0	4.1770597623713766
A2KL-01A	CESC	4.464439661272401	0.03067115542714413	4.680021689119738
A2LV-01A	CESC	3.538867694533532	0	4.917618118304051
A2LZ-01A	CESC	3.3880298473800377	0	5.03536290953616
A2PA-01A	CESC	3.5392631744742107	0.02432834706599859	4.125559120570463
A2PG-01A	CESC	3.656652196730218	0	5.097246013825628
A2RK-01A	CESC	3.444354806699391	0	4.524880035235635
A2RO-01A	CESC	3.1532584181917422	0.10651785907092652	4.671403689187326
A3EO-01A	CESC	3.6634160604610697	0.03464366729244271	4.24953854677643
A3HS-01A	CESC	3.126983993173247	0	4.970256925094691
A3JJ-01A	CESC	4.571042217018139	0.0268520518400658	5.157076674379014
A3JJ-11A	CESC	3.1129007592234665	1.051115467706374	4.588186582506692
A3JK-01A	CESC	3.606504513609292	0.12471192691149682	4.790430395099805
A3L7-01A	CESC	4.8544842900115786	0.02998355713771511	4.901215240331327
A3LF-01A	CESC	4.270544678882165	0.0913164151140919	4.81264011840539
6920-01A	COAD	4.570399997213154	0.20181104330047347	4.618296079542271
6926-01A	COAD	5.017890306123674	0.7324938411644357	5.438274565844679
6929-01A	COAD	5.2405303435966575	1.3195018254257405	5.131190677809315
6930-01A	COAD	3.727121945461343	0.05130895550664646	4.398627012517533
6931-01A	COAD	4.5027584392287885	1.0971328620998178	4.587253375067949
6963-01A	COAD	4.41786227713234	0.2726089795139707	5.604892705616593
A002-01A	COAD	4.059270871100593	0	4.232926502013906
A00Z-01A	COAD	5.206571364387566	2.403180347835115	5.251825193848617
A015-01A	COAD	4.189432265872394	1.0656017288037076	4.382944563226387
A016-01A	COAD	4.270768130468219	0.7499258111982734	4.965771968476242
A01I-01A	COAD	5.0999681569046675	0.4474460024168708	4.605759353043341
A01X-01A	COAD	4.263130622527495	0.1308132622337668	3.987917818654307
A020-01A	COAD	4.462069686822226	0.7543281761175182	5.095206053512385
A022-01A	COAD	3.4928367974669428	0.19209296377398652	3.565868735817896
A026-01A	COAD	4.6635527831002825	1.1556105371386431	4.938085568669419
A029-01A	COAD	3.8067582699966382	0.9201809838654972	4.4012539227078555
A02O-01A	COAD	4.1118117704527695	0.27278783180020116	3.641477752371334
A0XF-01A	COAD	4.783062366190343	0.5520695054549127	5.8545455912280895
A1D4-01A	COAD	4.0906693778478145	0.6426974404872116	4.831822839130382
A1D7-01A	COAD	4.614176866873124	1.942020551770427	5.251021549025247
A4OH-01A	GI	3.9411706607343606	0.2540760616606638	5.921238356117101
A4ON-01A	GI	4.257911692109655	0.06145835808422838	4.573469564380523
A4OR-11A	GI	2.8260404705801188	0.04633912786144099	3.5927496975412794
A4PF-01A	GI	3.607394728413406	0.03619181240956758	4.878221870100059
A5M8-01A	GI	3.010159768283643	0.02262106817051652	4.484663230784556
A5TI-01A	GI	2.77155775570815	0	4.535259723911003
A5UJ-01A	GI	3.303079812339531	0.16013725526610328	4.2803254539837745
A663-01A	GI	3.532152026756338	1.4605753186721473	4.618787376950193
A666-01A	GI	3.7542435097176776	0.1215307334462025	5.163153913146744
A6BV-01A	GI	2.952313292584817	0	4.37223473292958
A6F2-01A	GI	2.924458577088323	0.02181415300906406	4.385515028024123
A6RO-01A	GI	2.606335965619805	0	4.685085737729404
A6RS-01A	GI	2.6501283178677735	0	4.654374899134586
A6VZ-01A	GI	3.4854020999647517	0.19637960910360364	4.974371298789122
A74A-01A	GI	2.725539782549335	0.08903379737317614	4.797975107125259
A7C1-01A	GI	2.212131589330072	0.3902795403474807	5.11538591836944
A7ZF-01A	GI	3.4214060148022076	0	4.7779909991696465
A88V-01A	GI	3.2054975187916157	0	4.687108095039597
A8EQ-01A	GI	2.778372053305345	0	3.7822268501517566
A8MV-01A	GI	2.3187088136687226	0.0903320453005012	4.176279096425227
7424-11A	HNSC	4.702514848072502	0.2283877962240076	4.109721542877758
7433-01A	HNSC	2.697764121375639	0	4.395718420312022
7435-01A	HNSC	3.385559787459045	0.12372854828724568	4.303428182836825
7437-01A	HNSC	4.30181989693025	0.0350217600708468	4.4132308535465015
7438-11A	HNSC	3.7646393734935857	0.07835106012205732	4.32804176258036
7440-01A	HNSC	3.647828182508249	0	4.197173775136516
7533-01A	HNSC	2.773767751090761	0	4.74643458596749
7754-01A	HNSC	4.169844943278195	0	4.4658543176526795
8224-01A	HNSC	4.146900070742265	0.408693289601749	4.044130941210324
8298-01A	HNSC	3.180218893905159	0.06291116945529802	4.691397312016504
8568-01A	HNSC	3.3305690499878087	0	4.634506720403647
8634-01A	HNSC	2.9887533993183855	0	4.376050275990406
A463-01A	HNSC	2.01900290972603	0.03613093961691642	4.869198687371118
A47Z-01A	HNSC	3.187391267979391	0	4.599736046086206
A49C-01A	HNSC	3.4880427463571557	0	4.321169124243325
A4C6-01A	HNSC	2.6776986268230027	0.03635498240838591	4.897806793629521
A4CE-01A	HNSC	3.039664875951746	0	4.46835087062979
A4CG-01A	HNSC	2.9828148829484067	0	5.380921709793064
A4CI-01A	HNSC	3.55049515901549	0	4.651939321771413
A50I-01A	HNSC	3.8229975282443855	0	4.59522744032839
4881-01A	KIRC	3.618772683760856	0.06120957151614027	4.246080107307694
4886-01A	KIRC	3.5998369810809177	0.4364757798372544	4.284086730086738
4889-01A	KIRC	3.2058733335013088	0.2373166471209228	4.035576627411969
4907-01A	KIRC	3.7894496158312063	0.7309837947940836	4.088790164019835
4912-01A	KIRC	2.7586109022704552	0.1241890668578093	3.2084493826173266
4920-01A	KIRC	3.4453497732975227	0.3005173720925392	3.978154254776952
4945-01A	KIRC	3.3070839141075936	1.014338409593468	4.574834751280111
4965-01A	KIRC	3.717286403758876	0.2258867746300952	4.2444395513925475
4973-01A	KIRC	3.4652074542997817	2.186526465281875	3.9069795461800862
4981-01A	KIRC	2.678408033012856	0.3068877048793052	3.40777247529459
4989-01A	KIRC	2.1900360580821476	0.05536381935275443	3.560170513406028
4998-01A	KIRC	3.5170458551955956	0.22535937711971293	4.061419623148134
4999-01A	KIRC	3.591882518995257	0.12797886831967423	3.9945005443236017
5084-01A	KIRC	3.478116572469877	0.10798534019359994	4.017190007072861
5092-01A	KIRC	2.6577169465184	0.25967909048900883	4.029634678964604
5097-01A	KIRC	3.50734184258796	0.141371142071294	4.202149420191026
5099-01A	KIRC	3.355759758910644	1.5251672023344542	4.058359280674676
5100-01A	KIRC	3.302376345415164	0.3421270351940171	3.897777938940074
5108-01A	KIRC	3.2163174695256616	0.03235978099897455	4.162268118541616
5110-01A	KIRC	3.4986340342488043	1.1635546141971769	4.442129252835605
A4NN-01A	LIHC	4.527192292775086	0	4.580900314727164
A4NS-01A	LIHC	3.614520924500961	0.0345767176266956	3.915627824963096
A520-01A	LIHC	4.200904290231251	0.1891725549451051	4.190867667586373
A5NP-01A	LIHC	4.4209032203980465	0.06295578637569174	4.003365041208278
A66X-01A	LIHC	4.607183636714003	0.03173523627547604	4.147546079884641
A66Y-01A	LIHC	3.5310144768682	0	4.065361523631953
A69I-01A	LIHC	4.741890517030286	0.03298186268534568	3.5903106041384953
A6J8-01A	LIHC	4.280477152317575	0	3.539656878568767
A6M3-01A	LIHC	2.964358806095425	0	3.351400152798558
A6M6-01A	LIHC	3.773406292941296	0	4.644379464401895
A73C-01A	LIHC	4.053800098527349	0.1325388528259716	4.137211593192242
A75H-01A	LIHC	3.6182134500554657	0.07009796648884563	3.5972677942363074
A75I-01A	LIHC	4.2033276014848395	0	4.031449386828198
A7K2-01A	LIHC	3.615957515995033	0	3.786430594513091
A7K8-01A	LIHC	3.084529820539766	0.1291937503762748	3.653749397857301
A7M6-01A	LIHC	4.472599121104696	0	4.548595412237873
A7M8-01A	LIHC	3.8643061199006135	0.10819288791112036	3.9904262788554967
A7M9-01A	LIHC	3.757594541198941	0.03419847990166974	4.987221499685692
A7ME-01A	LIHC	4.637993390266147	0	4.6014379142635216
A7PY-01A	LIHC	3.993455979981763	0	3.622090340580336
7147-01A	LUAD	4.64448072288982	0.1939455905890838	4.456342231439751
7160-01A	LUAD	3.729407598046995	0.05695200433245082	4.0722899611135555
7163-01A	LUAD	4.699674687658022	0.03164105763083494	4.696200365669331
7167-01A	LUAD	3.6402098015545064	0	4.34760140696851
7223-01A	LUAD	3.958676639267035	0.8059826856789459	4.914184806910983
7338-11A	LUAD	2.9922965127438133	0.18198487304326705	4.425252240045164
7465-01A	LUAD	4.16997595720053	0.03372034342261306	5.336661833017497
7535-01A	LUAD	3.56700361757513	0	4.080555752230931
7537-01A	LUAD	3.4114939372232493	0.05029803211130758	3.64797987351689
7539-01A	LUAD	3.7938495094726576	0	4.110962309316608
7542-01A	LUAD	3.1869539568560468	0	4.767677254531961
7547-01A	LUAD	4.628482982099333	0.07483779564969284	4.0615161363301535
7562-01A	LUAD	4.700186589908346	0	4.718916881773846
7582-01A	LUAD	3.3790312455620977	0	4.650138675250245
7626-01A	LUAD	3.5047753937587935	0	4.310218470370835
7658-01A	LUAD	4.125504901655769	0.20365778777837631	5.484456006391632
7658-11A	LUAD	3.4471803463092874	0.05530424006429468	4.319366052857312
7662-01A	LUAD	3.5712655735192222	0	4.748700208402139
7671-01A	LUAD	3.71747536524932	0.18811093775575785	4.223074468107852
7699-01A	LUAD	3.96592318144065	0	4.931711184082891
8124-01A	PAAD	4.205038593189871	0.03948139331342375	4.833718220408893
8636-01A	PAAD	3.6627244141347193	0.2424713166212683	4.543915174608862
A44G-01A	PAAD	2.9778703259078108	0	4.334124791452117
A545-01A	PAAD	3.1706680525959023	0	4.527861377461467
A5A4-01A	PAAD	3.213156430284764	0.17820297223894205	4.202154341740315
A5N4-01A	PAAD	3.1088502704613896	0.04562451540630749	4.264273829239504
A5SP-01A	PAAD	2.9230811900915654	0	4.285918773178613
A5SS-01A	PAAD	3.6402639176202305	0.03727180500432886	4.203977425687127
A75W-01A	PAAD	2.957825348101729	0.13465609309227816	4.1799499698413
A774-01A	PAAD	3.3421170664564896	0.10410503989366454	4.275028109557592
A776-01A	PAAD	3.1050884510218486	0	4.500038841876835
A77E-01A	PAAD	3.458776936533138	0	4.678087728729336
A77G-01A	PAAD	2.9255946223064093	0.07952164534828046	4.292502022361381
A77O-01A	PAAD	3.0657820687946074	0.03563359778624665	4.248516641749373
A7B8-01A	PAAD	2.884096916260991	0	3.846116943187651
A8P0-01A	PAAD	2.7569001559475064	0	2.8988009731335884
A9IH-01A	PAAD	3.3154826566044617	0.06275908625490396	4.421318839468909
A9IU-01A	PAAD	3.912090716391282	0.03698993447559069	4.415578270553268
AA8V-01A	PAAD	3.290438187421346	0.037247863327655	4.0656590152416285
AA8X-01A	PAAD	3.0752946935242584	0	4.3454505389710745
A69Q-01A	PCPG	1.4138902541664091	0.04419230326624532	4.376147126685294
A6GR-01A	PCPG	1.6171167656465573	0.24160313234450753	4.035057437008533
A6I4-01A	PCPG	1.672154822701555	0.04032023644927476	4.067420706816499
A6MV-01A	PCPG	1.5833695332430544	0.18027661828783403	3.4352709989261783
A6QH-01A	PCPG	2.1703012635611953	0.11432115118209024	4.3054323316947825
A6QK-01A	PCPG	2.385739311646542	0.03333255807760969	4.261857410026296
A6YC-01A	PCPG	1.453497470237964	0	4.500364161667454
A6YK-01A	PCPG	1.6978702602651052	0.37007038955833155	3.8891364132834414
A6YN-01A	PCPG	1.1610842359017115	0.10465415224353	4.19405886905914
A6ZZ-01A	PCPG	2.3076054430956687	0.11829827876822444	4.081551880306776
A70C-01A	PCPG	1.680631819571976	0.05734689572840516	3.6050310508149352
A70H-01A	PCPG	1.8998720361010453	0.22400872934122135	3.892669712196477
A70K-01A	PCPG	1.8236365000462835	0.09468022781801694	4.246169808699406
A70R-01A	PCPG	1.8994645440097848	0.15200135280684696	3.483349250189396
A70U-01A	PCPG	1.014087411012486	0	4.104760463001962
A7HC-01A	PCPG	1.1002565599990346	0.07705883521906766	3.5907448485641815
A7WQ-01A	PCPG	2.4672313586714623	0	4.053877374762334
A7WR-01A	PCPG	0.7018475108932934	0.03903369894912811	4.4005240231777405
A7X2-01A	PCPG	1.4357719932779829	0	4.390038613559887
A80L-01A	PCPG	1.6832344537454946	0.0725800215224377	4.345927144427313
5512-01A	PRAD	4.587208581806338	0.6602062315426057	4.4280893475411505
5516-01A	PRAD	4.509241874916111	0.4214720193092703	4.54731509520019
5531-01A	PRAD	4.243551689596493	0.16242962988975165	4.176017056375966
5737-01A	PRAD	4.242644537572077	0.03179789257658053	4.200532777250119
5750-01A	PRAD	4.065161926706504	0.25347800780583685	4.424001469398614
5763-01A	PRAD	4.0773434807485645	1.2416425916350504	4.640070448945151
5766-01A	PRAD	3.68104116902072	0.03617815546951541	4.568328140416468
5768-01A	PRAD	4.357091717835551	0.06323336155484928	4.279158357240805
5790-01A	PRAD	4.25287269075342	0.10362519547550776	4.287722008531502
5794-01A	PRAD	4.161160778481659	0.13770109671496625	4.090376200928016
6333-11A	PRAD	3.886534107613754	0.949013551036353	3.985914148418851
6338-01A	PRAD	2.776569389554661	0.2062685825432937	3.3547062023995395
6339-01A	PRAD	3.703001554019485	0.15319299759252125	4.182599653465287
6343-01A	PRAD	3.1594376525094523	0.9402753705347968	3.2801826459997883
6361-01A	PRAD	4.096068063619355	0.7559538421820602	4.102336681965803
6364-01A	PRAD	4.084764660354989	0.8829646154706492	4.123116510784194
6367-01A	PRAD	4.024804477351685	0.19307969600344327	3.9685422093346703
6371-01A	PRAD	3.7665275981188944	0.888447605840426	3.976044722138651
6373-01A	PRAD	3.824309236450831	0.249209560386026	3.834337042413946
6496-11A	PRAD	3.947767290024528	2.450113418521907	3.859337031403381
A1YD-01A	THCA	3.633688388756594	0.5001867302689633	4.469999020739277
A22M-01A	THCA	3.3673920379312707	0	3.983514156254448
A22O-01A	THCA	3.626427292613896	0.0917699328092254	4.183795667846408
A242-01A	THCA	3.723753314455122	0.11231455643474043	4.047132492324635
A28T-01A	THCA	3.4063902657865244	0.06285337248850131	4.3321548394782505
A28W-01A	THCA	2.7941666876754647	0.11710490918986202	4.153266891595715
A2C6-01A	THCA	3.74202571496536	0.1702961938229452	4.39073916221767
A2C6-11A	THCA	3.728941919510106	0.17634973907154564	4.516894629168545
A2CJ-01A	THCA	3.983227916227262	0.11253712246689648	4.586844935091912
A2CS-01A	THCA	4.044328901914564	0.07451994815582985	4.480807389273768
A2MY-01A	THCA	3.3537016937062742	0	4.296699174326417
A2N5-01A	THCA	3.828198854265608	0.03626175436339018	4.50697507116194
A2N7-11A	THCA	4.220129267440189	0.1982227993751129	4.672210801423333
A2N8-01A	THCA	4.174586421116998	0.8653204950114944	4.923425626492344
A2OV-01A	THCA	3.6848198091711937	0	4.1282430494097575
A2OW-01A	THCA	3.215106586610078	0.09970625979538658	4.183760059802236
A2OX-01A	THCA	3.873016341307206	0.07253637172747421	4.268945296254463
A2P0-01A	THCA	4.150776423711491	0	4.653447578124884
A2P2-01A	THCA	4.113322841623929	0.05740574926479083	4.563213474617499
A2PQ-01A	THCA	4.026854380149622	0	4.606388170323099
A3FV-01A	UCEC	4.478144162465874	0	4.987703894612371
A3G3-01A	UCEC	3.641010204948429	0.09418294630414184	5.174652609754577
A3GI-01A	UCEC	4.494812617530372	0.9702075654118044	4.931030802133217
A3L0-01A	UCEC	4.4071182430560745	0.10293143043799852	4.500185895769739
A3NC-11A	UCEC	3.37534022245035	0.7930961164893534	4.48399290529361
A3S1-01A	UCEC	4.8978669974997455	0.06041194284406694	5.477444765346731
A3TW-01A	UCEC	4.498687287401241	0	5.5738165138389535
A3VZ-01A	UCEC	4.544797431262531	0.4890477190339292	5.254699936812633
A3W1-01A	UCEC	3.183157142392719	0.15886156079801445	4.221856699399857
A3W4-01A	UCEC	4.78537169806623	0.15021630748151513	4.615276962238812
A3WE-11A	UCEC	3.831417138742232	0.3477377555055118	4.186049717846954
A4KR-01A	UCEC	4.441453910097378	0	5.12041712276441
A549-01A	UCEC	4.031392902359464	0.0312786504034392	4.421489172861393
A54A-01A	UCEC	4.411621977296513	0.17782266566725446	5.1548240478924505
A56F-01A	UCEC	4.478396797368511	0.03873175837661963	4.524362151287873
A5YS-01A	UCEC	4.644709972491055	0.05957928809067298	4.391964634344117
A6J9-01A	UCEC	3.9286264800952977	0.09968207669501448	5.092759641076983
A7WJ-01A	UCEC	4.030036922678426	0	4.440036017159735
A916-01A	UCEC	4.7266767450645215	0.127437418544777	4.32128074826866
A9G8-01A	UCEC	4.624711678100658	0.3213996127470783	5.099044210005384
